date,wa_mgs_real
2000-01-01,
2000-01-03,
2000-01-10,
2000-01-17,
2000-01-24,
2000-01-31,
2000-02-01,
2000-02-07,
2000-02-14,
2000-02-21,
2000-02-28,
2000-03-01,
2000-03-06,
2000-03-13,
2000-03-20,
2000-03-27,
2000-04-01,
2000-04-03,
2000-04-10,
2000-04-17,
2000-04-24,
2000-05-01,
2000-05-08,
2000-05-15,
2000-05-22,
2000-05-29,
2000-06-01,
2000-06-05,
2000-06-12,
2000-06-19,
2000-06-26,
2000-07-01,
2000-07-03,
2000-07-10,
2000-07-17,
2000-07-24,
2000-07-31,
2000-08-01,
2000-08-07,
2000-08-14,
2000-08-21,
2000-08-28,
2000-09-01,
2000-09-04,
2000-09-11,
2000-09-18,
2000-09-25,
2000-10-01,
2000-10-02,
2000-10-09,
2000-10-16,
2000-10-23,
2000-10-30,
2000-11-01,
2000-11-06,
2000-11-13,
2000-11-20,
2000-11-27,
2000-12-01,
2000-12-04,
2000-12-11,
2000-12-18,
2000-12-25,
2001-01-01,
2001-01-08,
2001-01-15,
2001-01-22,
2001-01-29,
2001-02-01,
2001-02-05,
2001-02-12,
2001-02-19,
2001-02-26,
2001-03-01,
2001-03-05,
2001-03-12,
2001-03-19,
2001-03-26,
2001-04-01,
2001-04-02,
2001-04-09,
2001-04-16,
2001-04-23,
2001-04-30,
2001-05-01,
2001-05-07,
2001-05-14,
2001-05-21,
2001-05-28,
2001-06-01,
2001-06-04,
2001-06-11,
2001-06-18,
2001-06-25,
2001-07-01,
2001-07-02,
2001-07-09,
2001-07-16,
2001-07-23,
2001-07-30,
2001-08-01,
2001-08-06,
2001-08-13,
2001-08-20,
2001-08-27,
2001-09-01,
2001-09-03,
2001-09-10,
2001-09-17,
2001-09-24,
2001-10-01,
2001-10-08,
2001-10-15,
2001-10-22,
2001-10-29,
2001-11-01,
2001-11-05,
2001-11-12,
2001-11-19,
2001-11-26,
2001-12-01,
2001-12-03,
2001-12-10,
2001-12-17,
2001-12-24,
2001-12-31,
2002-01-01,
2002-01-07,
2002-01-14,
2002-01-21,
2002-01-28,
2002-02-01,
2002-02-04,
2002-02-11,
2002-02-18,
2002-02-25,
2002-03-01,
2002-03-04,
2002-03-11,
2002-03-18,
2002-03-25,
2002-04-01,
2002-04-08,
2002-04-15,
2002-04-22,
2002-04-29,
2002-05-01,
2002-05-06,
2002-05-13,
2002-05-20,
2002-05-27,
2002-06-01,
2002-06-03,
2002-06-10,
2002-06-17,
2002-06-24,
2002-07-01,
2002-07-08,
2002-07-15,
2002-07-22,
2002-07-29,
2002-08-01,
2002-08-05,
2002-08-12,
2002-08-19,
2002-08-26,
2002-09-01,
2002-09-02,
2002-09-09,
2002-09-16,
2002-09-23,
2002-09-30,
2002-10-01,
2002-10-07,
2002-10-14,
2002-10-21,
2002-10-28,
2002-11-01,
2002-11-04,
2002-11-11,
2002-11-18,
2002-11-25,
2002-12-01,
2002-12-02,
2002-12-09,
2002-12-16,
2002-12-23,
2002-12-30,
2003-01-01,
2003-01-06,
2003-01-13,
2003-01-20,
2003-01-27,
2003-02-01,
2003-02-03,
2003-02-10,
2003-02-17,
2003-02-24,
2003-03-01,
2003-03-03,
2003-03-10,
2003-03-17,
2003-03-24,
2003-03-31,
2003-04-01,
2003-04-07,
2003-04-14,
2003-04-21,
2003-04-28,
2003-05-01,
2003-05-05,
2003-05-12,
2003-05-19,
2003-05-26,0.027951837990276243
2003-06-01,0.027787428418670566
2003-06-02,0.044560974241956645
2003-06-09,0.021078010089356284
2003-06-16,0.041206265077299506
2003-06-23,0.08481748421784419
2003-06-30,0.09152690254715846
2003-07-01,0.01355569319699337
2003-07-07,0.07050467197206065
2003-07-14,-0.009893886298622352
2003-07-21,-0.0333434657942388
2003-07-28,-0.03836837568615617
2003-08-01,-0.039919517526291824
2003-08-04,-0.021560848772081826
2003-08-11,0.003473699529114182
2003-08-18,0.17704656775073782
2003-08-25,0.17871553763748443
2003-09-01,0.1897234906289629
2003-09-08,0.2013606925394936
2003-09-15,0.13153748107631236
2003-09-22,0.10327570500788248
2003-09-29,0.08332621601840201
2003-10-01,0.08538090728648115
2003-10-06,0.03874467518391255
2003-10-13,-0.012888296072502949
2003-10-20,-0.07451474563661153
2003-10-27,-0.05952452817507154
2003-11-01,-0.060730887901601936
2003-11-03,-0.06740051458884953
2003-11-10,-0.03571978782442026
2003-11-17,0.007632785642692603
2003-11-24,-0.020713127778112336
2003-12-01,-0.010121199143813039
2003-12-08,-0.028486189857704708
2003-12-15,-0.05352935901301123
2003-12-22,-0.10695478654433298
2003-12-29,-0.10695478654433262
2004-01-01,-0.10458688398798545
2004-01-05,-0.11454588754505214
2004-01-12,-0.10956638576651898
2004-01-19,-0.07968937509531965
2004-01-26,-0.09462788043091913
2004-02-01,-0.0936517011656564
2004-02-02,-0.07222953067339272
2004-02-09,-0.09200384189702078
2004-02-16,-0.08870812335974956
2004-02-23,-0.05904665652430711
2004-03-01,0.0033107905482213655
2004-03-08,-0.006576060446402952
2004-03-15,0.004958599047325955
2004-03-22,-0.034588804931171675
2004-03-29,-0.0658971664141485
2004-04-01,-0.06681245724136775
2004-04-05,-0.03570973615413743
2004-04-12,0.015036808777659628
2004-04-19,0.09524908947630716
2004-04-26,0.1623654876119091
2004-05-01,0.16395638237366011
2004-05-03,0.19811929218610053
2004-05-10,0.2518038647485063
2004-05-17,0.22414817585272193
2004-05-24,0.2225213706235572
2004-05-31,0.2322822019985406
2004-06-01,0.23078679544037617
2004-06-07,0.20158324100408562
2004-06-14,0.20645050007680177
2004-06-21,0.17075726687689108
2004-06-28,0.13506403367698108
2004-07-01,0.13922340232998587
2004-07-05,0.07255216517068228
2004-07-12,-0.0006235829309916492
2004-07-19,-0.036398393114031924
2004-07-26,-0.031520009907253545
2004-08-01,-0.03234607169551722
2004-08-02,-0.037221580235539335
2004-08-09,-0.04372225828890228
2004-08-16,-0.04697259731558357
2004-08-23,-0.019344715588791684
2004-08-30,0.06678926861826526
2004-09-01,0.06404187326227354
2004-09-06,0.08187093660394038
2004-09-13,0.08997505630469799
2004-09-20,0.08025011266378877
2004-09-27,0.012175507177425696
2004-10-01,0.014298561587738338
2004-10-04,0.02236240023776877
2004-10-11,-0.030858934852432785
2004-10-18,-0.07924196675261608
2004-10-25,-0.06795259264257347
2004-11-01,-0.07391673498439096
2004-11-08,-0.04329350639008502
2004-11-15,-0.011058528922393751
2004-11-22,-0.0062232823022409026
2004-11-29,-0.052963999630392125
2004-12-01,-0.053083173510971304
2004-12-06,-0.028832925804762717
2004-12-13,0.0035007378035157525
2004-12-20,-0.030449608985176766
2004-12-27,-0.038533024887246296
2005-01-01,-0.035999111701193194
2005-01-03,-0.05535876758739816
2005-01-10,-0.1118244305888308
2005-01-17,-0.15699696098997643
2005-01-24,-0.18280983550491742
2005-01-31,-0.19732957741957177
2005-02-01,-0.19703922152960976
2005-02-07,-0.16494211883042512
2005-02-14,-0.10877218910685235
2005-02-21,-0.004456605334501922
2005-02-28,0.018011366554927258
2005-03-01,0.019001726495635887
2005-03-07,-0.01924465610888217
2005-03-14,-0.012870259008128295
2005-03-21,-0.04792944306226976
2005-03-28,-0.024025453934446193
2005-04-01,-0.024429735412661382
2005-04-04,-0.011779932110862847
2005-04-11,0.12262422797074495
2005-04-18,0.24121613392510716
2005-04-25,0.24595981016328117
2005-05-01,0.2473058941208574
2005-05-02,0.24572275202175559
2005-05-09,0.2868844465983726
2005-05-16,0.2663035993100641
2005-05-23,0.25205532041815837
2005-05-30,0.21880933633704633
2005-06-01,0.2191989088084311
2005-06-06,0.12895590028404139
2005-06-13,0.07354352662871404
2005-06-20,0.026047206352720068
2005-06-27,0.01971436364925324
2005-07-01,-0.018460214587375342
2005-07-04,0.02407692276384433
2005-07-11,-0.016884765055849245
2005-07-18,0.03668051901605721
2005-07-25,0.07921765636727619
2005-08-01,0.11993546782621885
2005-08-08,0.11209201402616528
2005-08-15,-0.06203266033500674
2005-08-22,-0.0808569494551334
2005-08-29,0.014833186905511057
2005-09-01,0.01336368782474553
2005-09-05,-0.358292940875423
2005-09-12,-0.20498458153660376
2005-09-19,-0.00986485146901509
2005-09-26,-0.05632193005653633
2005-10-01,-0.0558238280765357
2005-10-03,-0.23974910834788896
2005-10-10,-0.15783280705056282
2005-10-17,-0.06046059984808245
2005-10-24,0.04618515089749144
2005-10-31,0.04309396971646072
2005-11-01,0.0424256459232703
2005-11-07,0.08915621564865228
2005-11-14,0.0891562156486516
2005-11-21,0.1140791861688561
2005-11-28,0.11096381485382943
2005-12-01,0.11228495836611724
2005-12-05,0.015350282026440912
2005-12-12,-0.17070175804487606
2005-12-19,-0.2551287342116916
2005-12-26,-0.2551287342116923
2006-01-01,-0.24151551903718707
2006-01-02,-0.29273806829897414
2006-01-09,-0.3098122513862363
2006-01-16,-0.2570375036619707
2006-01-23,-0.22133693902496726
2006-01-30,-0.22444133594992427
2006-02-01,-0.2340569638511479
2006-02-06,-0.20308287407590622
2006-02-13,-0.15507303492428218
2006-02-20,-0.15197562594675781
2006-02-27,-0.18449842021076135
2006-03-01,-0.18354882546738605
2006-03-06,-0.21282400348420819
2006-03-13,-0.13732486017766798
2006-03-20,-0.1958752162113109
2006-03-27,-0.0864784983589775
2006-04-01,-0.08301731790631547
2006-04-03,-0.20522807000921453
2006-04-10,-0.18384118839120742
2006-04-17,-0.2159215108182181
2006-04-24,-0.2052280700092152
2006-05-01,-0.04159626184829359
2006-05-08,0.10279507473347717
2006-05-15,0.1119145275702211
2006-05-22,0.22894750564176136
2006-05-29,0.25934568176423983
2006-06-01,0.2600305340019231
2006-06-05,0.1947538755127868
2006-06-12,0.13706752615029402
2006-06-19,0.12492303154766374
2006-06-26,0.07634505313714385
2006-07-01,0.030187105099937328
2006-07-03,-0.06666983835962983
2006-07-10,-0.11509831008941374
2006-07-17,-0.13477237672963774
2006-07-24,-0.15898661259452934
2006-07-31,-0.17412051001008638
2006-08-01,-0.17106087218008234
2006-08-07,-0.18616908953716899
2006-08-14,-0.09551978539465236
2006-08-21,-0.01393541166638759
2006-08-28,0.055562388176208906
2006-09-01,0.052921270838682
2006-09-04,0.1454557681445731
2006-09-11,0.22433763470041698
2006-09-18,0.27591423975615925
2006-09-25,0.33204172172858676
2006-10-01,0.3353404554122057
2006-10-02,0.3353404554122057
2006-10-09,0.2911017002589075
2006-10-16,0.27279600847133606
2006-10-23,0.24381199647434784
2006-10-30,0.15380901185212037
2006-11-01,0.15345672243805128
2006-11-06,0.14276543622500318
2006-11-13,0.16414800865109808
2006-11-20,0.24967829835547897
2006-11-27,0.2481509717536155
2006-12-01,0.24710322028680756
2006-12-04,0.20136622338759708
2006-12-11,0.2455786537235003
2006-12-18,0.24710322028680756
2006-12-25,0.2410049540335791
2007-01-01,0.24865236214694258
2007-01-08,0.2972823040596031
2007-01-15,0.38086501672198964
2007-01-22,0.40062093062400794
2007-01-29,0.30336104679868564
2007-02-01,0.3010525315197243
2007-02-05,0.18767253520375243
2007-02-12,0.06522213918250264
2007-02-19,0.045569606487733894
2007-02-26,-0.060251723407172914
2007-03-01,-0.058439283790093104
2007-03-05,-0.09292363962998602
2007-03-12,0.018026026985323015
2007-03-19,0.11248317559024842
2007-03-26,0.11398249540937475
2007-04-01,0.11196122906950906
2007-04-02,0.12238230829852574
2007-04-09,0.09260779621562094
2007-04-16,0.09707397302805601
2007-04-23,0.17002152763117537
2007-04-30,0.228081826192841
2007-05-01,0.22751235265229985
2007-05-07,0.2600771039628123
2007-05-14,0.26599796783745117
2007-05-21,0.10317421128489082
2007-05-28,0.0646885960997395
2007-06-01,0.06629372014474115
2007-06-04,0.060383038917240624
2007-06-11,0.06629372014474115
2007-06-18,0.0012762266422431177
2007-06-25,-0.02088882796088191
2007-07-01,-0.020756556994286534
2007-07-02,-0.04736812423487051
2007-07-09,-0.12128914434760434
2007-07-16,-0.23660593572347122
2007-07-23,-0.17007701762201
2007-07-30,-0.11981072394535046
2007-08-01,-0.12001461244555206
2007-08-06,-0.09926996027900292
2007-08-13,-0.10964228636227781
2007-08-20,-0.1778032863380815
2007-08-27,-0.1496498298263359
2007-09-01,-0.14971613291195376
2007-09-03,-0.1763084659805839
2007-09-10,-0.1216464480061775
2007-09-17,-0.0669844300317711
2007-09-24,-0.009367708383072462
2007-10-01,0.03636176365348911
2007-10-08,0.0289942862663702
2007-10-15,0.07172565511165908
2007-10-22,0.13950644707315188
2007-10-29,0.17339684305389857
2007-11-01,0.17188589672676743
2007-11-05,0.0649705198675917
2007-11-12,-0.012652972920576768
2007-11-19,-0.005330001902825747
2007-11-26,-0.0038654076992749057
2007-12-01,-0.004007672384980282
2007-12-03,0.013566016680038605
2007-12-10,0.039926550277569174
2007-12-17,-0.014258991006241672
2007-12-24,0.00038574988127459904
2007-12-31,-0.04647742095877811
2008-01-01,-0.04054347496720708
2008-01-07,-0.08136383762943249
2008-01-14,-0.0565800460130816
2008-01-21,-0.07407448715403563
2008-01-28,-0.11343697972118154
2008-02-01,-0.11993954830366108
2008-02-04,-0.14174472294125826
2008-02-11,-0.07923655564681588
2008-02-18,-0.03998724129914273
2008-02-25,0.044326100632896194
2008-03-01,0.044832047005526836
2008-03-03,0.16308650167981048
2008-03-10,0.1371282067513094
2008-03-17,0.12126480429500355
2008-03-24,0.1111699118228083
2008-03-31,0.040505664517443425
2008-04-01,0.0402357563307429
2008-04-07,0.002988819357399931
2008-04-14,0.028775160338944106
2008-04-21,-0.017067223628246718
2008-04-28,-0.0328255431169685
2008-05-01,-0.03154349532497666
2008-05-05,-0.037230564444893144
2008-05-12,-0.08130535012424653
2008-05-19,-0.057135306364601464
2008-05-26,-0.06708767732445593
2008-06-01,-0.06391465224151022
2008-06-02,0.041612730982560596
2008-06-09,0.08382368427218893
2008-06-16,0.13729089177238374
2008-06-23,0.1780948132856914
2008-06-30,0.1823159086146546
2008-07-01,0.13400900339306787
2008-07-01,0.13400900339306787
2008-07-07,0.11160674664786574
2008-07-14,0.0864042078095138
2008-07-21,0.09340491304238893
2008-07-28,0.1368092854862189
2008-08-01,0.13684794501730133
2008-08-04,0.11716003229638132
2008-08-11,0.09747211957546194
2008-08-18,0.0791904863346073
2008-08-25,0.07356536841434524
2008-09-01,0.03298073324903165
2008-09-08,-0.002209468304934442
2008-09-15,-0.3006223774825667
2008-09-22,-0.237280014685428
2008-09-29,-0.18238330026124047
2008-10-01,-0.18305191987015543
2008-10-06,-0.11049727467741453
2008-10-13,-0.015180387855578537
2008-10-20,-0.01233510765194273
2008-10-27,-0.02656150867012671
2008-11-01,-0.029780489775204547
2008-11-03,0.018000689989287135
2008-11-10,0.02234443360424184
2008-11-17,-0.002270113547164063
2008-11-24,0.0035215446061085645
2008-12-01,-0.03052956535548588
2008-12-08,-0.04076403614273747
2008-12-15,-0.07585365027045822
2008-12-22,-0.07000538124917133
2008-12-29,-0.005674422015016719
2009-01-01,-0.005161885361584712
2009-01-05,-0.005161885361585029
2009-01-12,-0.012454515710361528
2009-01-19,-0.03870798496595927
2009-01-26,-0.01974714605913898
2009-02-01,-0.019551558878024584
2009-02-02,-0.05290776363307386
2009-02-09,0.05006139017599253
2009-02-16,0.07616624607124886
2009-02-23,0.12547541831784362
2009-03-01,0.12512992228284403
2009-03-02,0.06432471975958681
2009-03-09,0.04550406183572105
2009-03-16,0.0614292339251454
2009-03-23,0.03536986141517828
2009-03-30,0.03392211849795852
2009-04-01,0.032734323724239456
2009-04-06,0.10925076755278641
2009-04-13,0.12946265837542126
2009-04-20,0.13235007135008375
2009-04-27,0.16411161407136726
2009-05-01,0.1663206061456854
2009-05-04,0.1576813541126052
2009-05-11,0.08856733784796117
2009-05-18,0.06408945708756666
2009-05-25,0.010814069550236935
2009-06-01,-0.004188140565294249
2009-06-08,-0.03987089195622193
2009-06-15,0.01722151026926186
2009-06-22,0.03577654099254428
2009-06-29,0.05290426166019016
2009-07-01,0.054627411283387606
2009-07-06,0.07609395804914883
2009-07-13,0.09612940169719142
2009-07-20,0.10042271105034355
2009-07-27,0.06893844246056072
2009-08-01,0.06864514125453508
2009-08-03,0.061509384337618885
2009-08-10,0.07007229263791832
2009-08-17,0.09433386615543589
2009-08-24,0.10717822860588566
2009-08-31,0.17710864639166876
2009-09-01,0.1771462564245653
2009-09-07,0.2569916067455901
2009-09-14,0.2926368524246197
2009-09-21,0.3282820981036487
2009-09-28,0.33968857672093833
2009-10-01,0.3402498233670042
2009-10-05,0.2861186886499369
2009-10-12,0.1707339014898731
2009-10-19,0.00691599379348548
2009-10-26,-0.06430918346581355
2009-11-01,-0.06533344456190562
2009-11-02,-0.04541983847894162
2009-11-09,-0.0027478254440182165
2009-11-16,0.04988099063238812
2009-11-23,0.04703618976339335
2009-11-30,0.039924187590905186
2009-12-01,0.04051873641662743
2009-12-07,0.019127198455779367
2009-12-14,0.04907535160096727
2009-12-21,0.004866173148547329
2009-12-28,-0.016525364812300727
2010-01-01,-0.01810167296716085
2010-01-04,-0.0422395929498785
2010-01-11,-0.05643836941030051
2010-01-18,-0.040819715303836795
2010-01-25,-0.025201061197371852
2010-02-01,0.0021904349916766663
2010-02-08,-0.017691835522034776
2010-02-15,0.0021904349916766663
2010-02-22,0.012131570248532387
2010-03-01,0.015757508813733834
2010-03-08,0.00443203156141795
2010-03-15,-0.011140499660518006
2010-03-22,-0.021050292256294484
2010-03-29,0.018588878126813268
2010-04-01,0.018239102454896006
2010-04-05,-0.012837710133866986
2010-04-12,0.008351025722108173
2010-04-19,0.03660267353007464
2010-04-26,0.06485432133804234
2010-05-01,0.06666129741143173
2010-05-03,0.001760226500687458
2010-05-10,0.00034933365480202007
2010-05-17,0.01586915495954491
2010-05-24,0.048319690414917356
2010-05-31,0.07089397594908867
2010-06-01,0.06901951773912773
2010-06-07,0.07749291026896132
2010-06-14,0.10714978412337553
2010-06-21,0.07608067818065542
2010-06-28,0.07325621400404422
2010-07-01,0.07825568814505172
2010-07-05,0.12630232740666536
2010-07-12,0.12488919095779409
2010-07-19,0.1842409218103741
2010-07-26,0.2110905143389219
2010-08-01,0.20879615276484126
2010-08-02,0.2609983544425015
2010-08-09,0.2426570403395404
2010-08-16,0.29485924201720126
2010-08-23,0.32307664832944977
2010-08-30,0.2849831498079134
2010-09-01,0.2839634412320796
2010-09-06,0.22335562686677896
2010-09-13,0.15288142411642963
2010-09-20,0.14583400384139428
2010-09-27,0.17120471683152058
2010-10-01,0.1733163147910638
2010-10-04,0.12402338357757119
2010-10-11,0.06628023558462291
2010-10-18,0.10289784162893106
2010-10-25,0.14092381713648194
2010-11-01,0.13297406294537448
2010-11-08,0.05282460353969543
2010-11-15,0.07391656654119005
2010-11-22,0.10766370734358167
2010-11-29,0.10906983821034835
2010-12-01,0.11012674985928861
2010-12-06,0.028709933076543383
2010-12-13,0.028709933076543383
2010-12-20,0.03572862417850424
2010-12-27,-0.04147697794306337
2011-01-01,-0.041980532746715774
2011-01-03,-0.05176991580472087
2011-01-10,-0.05456688239272207
2011-01-17,-0.01540935016070108
2011-01-24,-0.01680783345470137
2011-01-31,-0.009815416984698082
2011-02-01,-0.008402739982167493
2011-02-07,-0.03484001745280772
2011-02-14,-0.007011304325818708
2011-02-21,0.029166022739267255
2011-02-28,-0.11276041420837843
2011-03-01,-0.11388619991201383
2011-03-07,-0.11388619991201322
2011-03-14,-0.10010621226216565
2011-03-21,-0.06427824437256016
2011-03-28,0.008755690171634072
2011-04-01,0.010937100384216315
2011-04-04,-0.046596670129006715
2011-04-11,-0.10823999567888722
2011-04-18,-0.10276058896334174
2011-04-25,-0.10550029232111537
2011-05-01,-0.10500026967521825
2011-05-02,-0.149959298419543
2011-05-09,-0.10363787486478297
2011-05-16,-0.10500026967521706
2011-05-23,-0.05459166168915477
2011-05-30,-0.016444606996999234
2011-06-01,-0.01689475792675971
2011-06-06,-0.03735337425627346
2011-06-13,0.018566843711062625
2011-06-20,0.07312315392309712
2011-06-27,0.12495164862453081
2011-07-01,0.1269416994640863
2011-07-04,0.06284804645789557
2011-07-11,-0.032610585678984685
2011-07-18,-0.06533925955448706
2011-07-25,-0.0776125122578003
2011-08-01,-0.08404872064374636
2011-08-08,-0.03234362325704523
2011-08-15,0.011197511384387305
2011-08-22,0.020722134587200673
2011-08-29,0.015279492757021606
2011-09-01,0.01404696824808047
2011-09-05,0.054769329295759055
2011-09-12,0.09141945423867019
2011-09-19,0.16471970412449188
2011-09-26,0.2638107826738439
2011-10-01,0.26456874867831653
2011-10-03,0.2876971761561563
2011-10-10,0.27273172308226035
2011-10-17,0.24144032120047682
2011-10-24,0.2713712273482693
2011-10-31,0.25504527854038234
2011-11-01,0.2537927358086675
2011-11-07,0.2537927358086675
2011-11-14,0.21297561888944894
2011-11-21,0.22794189509316182
2011-11-28,0.21297561888944835
2011-12-01,0.2150947341194058
2011-12-05,0.17553352317813903
2011-12-12,0.1277872341110929
2011-12-19,0.0650349684801174
2011-12-26,0.024109577851220726
2012-01-01,0.022795896748291963
2012-01-02,-0.043719067964085354
2012-01-09,-0.1020893431198445
2012-01-16,-0.1088765844170261
2012-01-23,-0.09665955008210061
2012-01-30,-0.13195320482744174
2012-02-01,-0.1329138282611931
2012-02-06,-0.17484805284995103
2012-02-13,-0.2181349943609284
2012-02-20,-0.12615024365010286
2012-02-27,-0.005758437572698103
2012-03-01,-0.003634849924424829
2012-03-05,-0.022433501080600417
2012-03-12,-0.03451834825242641
2012-03-19,-0.033175587455556724
2012-03-26,-0.002292089127555144
2012-04-01,-0.004319579421685726
2012-04-02,0.06258522941846188
2012-04-09,0.06659951794887205
2012-04-16,0.07061380647928045
2012-04-23,0.10005192236894585
2012-04-30,0.11610907649058241
2012-05-01,0.11784732210246071
2012-05-07,0.17543740204800606
2012-05-14,0.3642792921020102
2012-05-21,0.48749527710178436
2012-05-28,0.6040147411776595
2012-06-01,0.6052566839241317
2012-06-04,0.6696870327093828
2012-06-11,0.5878067977947927
2012-06-18,0.4052541429032473
2012-06-25,0.23746677627498877
2012-07-01,0.2394372902890621
2012-07-02,0.18159668876829213
2012-07-09,0.02556157768900532
2012-07-16,0.008074884205981037
2012-07-23,0.008074884205981622
2012-07-30,-0.026898502760065775
2012-08-01,-0.026520861191509575
2012-08-06,-0.15631191704760972
2012-08-13,-0.02919696543596634
2012-08-20,0.09390382980899421
2012-08-27,0.10327019466458998
2012-09-01,0.10189902005088575
2012-09-03,0.03667272429454062
2012-09-10,0.05131536211739415
2012-09-17,-0.011248635852977765
2012-09-24,0.028685830936621564
2012-10-01,0.08670821356748808
2012-10-08,0.10268878926010103
2012-10-15,0.130654796722175
2012-10-22,0.10668393318325586
2012-10-29,0.08271306964433556
2012-11-01,0.08280276845769556
2012-11-05,-0.005483658759032384
2012-11-12,-0.04293850666915877
2012-11-19,-0.11918587562905907
2012-11-26,-0.17001745493565887
2012-12-01,-0.16959992010322625
2012-12-03,-0.14681616133216502
2012-12-10,-0.14681616133216444
2012-12-17,-0.09186709606078008
2012-12-24,-0.09990842268586086
2012-12-31,-0.12805306587364357
2013-01-01,-0.09358208397140236
2013-01-07,-0.07351184925791648
2013-01-14,-0.12168041257028328
2013-01-21,-0.17252500717778235
2013-01-28,-0.209989445309623
2013-02-01,-0.20746713012382387
2013-02-04,-0.2883836526917627
2013-02-11,-0.26715964677230336
2013-02-18,-0.34277016786037706
2013-02-25,-0.2631801456624042
2013-03-01,-0.264453531690975
2013-03-04,-0.16256718378176102
2013-03-11,-0.07523602843100637
2013-03-18,-0.0805288257249911
2013-03-25,-0.12287120407687181
2013-04-01,-0.09795996031564572
2013-04-08,-0.03967363497307785
2013-04-15,0.01728800115715965
2013-04-22,-0.03702425654841478
2013-04-29,-0.044972391822401675
2013-05-01,-0.044061479681324844
2013-05-06,0.034017593186230204
2013-05-13,0.24046395534450804
2013-05-20,0.24972757415930227
2013-05-27,0.22193671771491902
2013-06-01,0.21945972218230658
2013-06-03,0.10871626434472005
2013-06-10,0.032250543456863026
2013-06-17,0.029613794460729766
2013-06-24,0.08366714888145668
2013-07-01,0.14526086743225466
2013-07-08,0.15846329185458324
2013-07-15,0.10697383660750338
2013-07-22,0.11621553370313316
2013-07-29,0.14790135231672072
2013-07-30,0.14790135231672072
2013-08-01,0.14881814507809651
2013-08-05,0.12640713855429045
2013-08-12,0.15540961758509858
2013-08-19,0.07894853650387783
2013-08-26,0.023580167445062625
2013-09-01,0.023013854368527088
2013-09-02,-0.06643305156583446
2013-09-09,-0.034863555353707054
2013-09-16,0.050637163554138706
2013-09-23,0.1098299689518783
2013-09-30,0.10456838624985706
2013-10-01,0.10441543404946392
2013-10-07,0.11101023948589178
2013-10-14,0.0305536131614774
2013-10-21,-0.04594612990108015
2013-10-28,-0.044627168813794346
2013-11-01,-0.045985140327802994
2013-11-04,-0.06711963774149167
2013-11-11,-0.04202242206273673
2013-11-18,-0.12391859954078135
2013-11-25,-0.22827018052087086
2013-12-01,-0.22530087871801305
2013-12-02,-0.2134151861548347
2013-12-09,-0.18700253601443612
2013-12-16,-0.15134545832489935
2013-12-23,-0.1751168434512572
2013-12-30,-0.23586593877417192
2014-01-01,-0.2375478633144953
2014-01-06,-0.20067925535236675
2014-01-13,-0.20989640734289902
2014-01-20,-0.2230637673293729
2014-01-27,-0.23359765531855312
2014-02-01,-0.2318696762526623
2014-02-03,-0.2213787771799584
2014-02-10,-0.22662422671631036
2014-02-17,-0.2777673596957392
2014-02-24,-0.2882582587684431
2014-03-01,-0.28889893486048535
2014-03-03,-0.24980239796905743
2014-03-10,-0.1846415031500107
2014-03-17,-0.16248679891153475
2014-03-24,-0.12729991570924856
2014-03-31,-0.09862912198886806
2014-04-01,-0.0962607608887937
2014-04-07,-0.07806574340706758
2014-04-14,-0.09106218446544403
2014-04-21,-0.04037606433777875
2014-04-28,-0.01958175864437722
2014-05-01,-0.018030559569876408
2014-05-05,8.848351072941335e-05
2014-05-12,0.03244391758324065
2014-05-19,0.04020922176064315
2014-05-26,0.05185717802674774
2014-06-01,0.04997966731875122
2014-06-02,0.06806283058830769
2014-06-09,0.0796877212615933
2014-06-16,0.10422915712742062
2014-06-23,0.15331202885907302
2014-06-30,0.17139519212863005
2014-07-01,0.17110278603971424
2014-07-07,0.21508776998454665
2014-07-14,0.19956365800401726
2014-07-21,0.1969763060072632
2014-07-28,0.2293182059666993
2014-08-01,0.2334631402542435
2014-08-04,0.25549815284277133
2014-08-11,0.2554981528427719
2014-08-18,0.2930872919643782
2014-08-25,0.2801255198534792
2014-09-01,0.26751513147309747
2014-09-08,0.26622119348389606
2014-09-15,0.28821813930033113
2014-09-22,0.26233937951629005
2014-09-29,0.19634854206698424
2014-10-01,0.19715368892092164
2014-10-06,0.1673142279754282
2014-10-13,0.1439616063659117
2014-10-20,0.063524798599798
2014-10-27,0.0038458767088111103
2014-11-01,0.0033869591354499643
2014-11-03,-0.035726901418452875
2014-11-10,-0.014866175789705111
2014-11-17,0.02946286617138368
2014-11-24,0.0907412477058329
2014-12-01,0.08560854321638325
2014-12-08,0.10656808476017965
2014-12-15,0.10263817072071814
2014-12-22,0.1380073970758751
2014-12-29,0.14979713919426071
2015-01-01,0.06578504061462954
2015-01-05,0.0038756333351005257
2015-01-12,-0.04617878106111481
2015-01-19,-0.09228153116289167
2015-01-26,-0.17263203848313144
2015-02-01,-0.172727081418299
2015-02-02,-0.25535821062841846
2015-02-09,-0.3261848928085192
2015-02-16,-0.30519920919960103
2015-02-23,-0.24880018450063132
2015-03-01,-0.24690817290116604
2015-03-02,-0.06556367578951916
2015-03-09,0.13404573470027834
2015-03-16,0.08316490457542806
2015-03-23,0.05576753450820087
2015-03-30,0.03619798446018136
2015-04-01,0.03549054437477822
2015-04-06,0.07453653153468683
2015-04-13,0.07844113025067836
2015-04-20,0.0029522217415206705
2015-04-27,-0.020475370554425176
2015-05-01,-0.018781509576393133
2015-05-04,0.027863320530798076
2015-05-11,0.046002976683594814
2015-05-18,0.02656763080559815
2015-05-25,0.02656763080559815
2015-06-01,0.006054089036616753
2015-06-08,0.029294223106720335
2015-06-15,0.033167578785070186
2015-06-22,0.1532416048139396
2015-06-29,0.1906840430379964
2015-07-01,0.19184751431095945
2015-07-06,0.18797597539294297
2015-07-13,0.14151750837674795
2015-07-20,0.15958468999415673
2015-07-27,0.22798187754577756
2015-08-01,0.22918581089190188
2015-08-03,0.29124644561858803
2015-08-10,0.3145191836410946
2015-08-17,0.1205797001202021
2015-08-24,0.18781205440744483
2015-08-31,0.2123777223200915
2015-09-01,0.21249018616099935
2015-09-07,0.21249018616099877
2015-09-14,0.1697734952965887
2015-09-21,0.1102290171219571
2015-09-28,0.029973416103974207
2015-10-01,0.030341507777749528
2015-10-05,-0.06287120594611868
2015-10-12,-0.15737854069392987
2015-10-19,-0.12501301509536453
2015-10-26,-0.09005824744891437
2015-11-01,-0.09307853224909522
2015-11-02,-0.11384255451356495
2015-11-09,-0.007426940408161057
2015-11-16,0.05746062916830481
2015-11-23,0.12234819874477067
2015-11-30,0.1366234640515934
2015-12-01,0.13775584346850833
2015-12-07,0.10650766509332646
2015-12-14,0.10911167995792483
2015-12-21,0.1494739103592013
2015-12-28,0.17551405900518613
2016-01-01,0.12520913541904202
2016-01-04,0.13560515684824728
2016-01-11,0.10311758988198089
2016-01-18,0.1187116220257885
2016-01-25,0.12001112470443909
2016-02-01,0.03898825497547972
2016-02-08,0.02211220154815998
2016-02-15,0.02211220154815998
2016-02-22,-0.01942885304216449
2016-02-29,-0.08303859288359908
2016-03-01,-0.08234128052855984
2016-03-07,-0.08234128052855984
2016-03-14,-0.1004532819261415
2016-03-21,-0.08751613807072643
2016-03-28,-0.1315024271791388
2016-04-01,-0.12925685362731737
2016-04-04,-0.12281343050956799
2016-04-11,-0.12023606126246869
2016-04-18,-0.1524531768512156
2016-04-25,-0.15631923072186513
2016-05-01,-0.15535185491190084
2016-05-02,-0.16560910498803252
2016-05-09,-0.04893288537203933
2016-05-16,0.0010712087490996928
2016-05-23,-0.025854072700742938
2016-05-30,-0.0450864165934903
2016-06-01,-0.04633557313807586
2016-06-06,-0.07319152903687062
2016-06-13,-0.06551839878007117
2016-06-20,-0.018200762196483044
2016-06-27,0.011212903787910613
2016-07-01,0.009640858271166154
2016-07-04,0.08593319178533698
2016-07-11,0.13043705300193636
2016-07-18,0.15459629194809107
2016-07-25,0.19910015316469046
2016-08-01,0.17759614647404198
2016-08-08,0.15238512159877987
2016-08-15,0.10574472557954409
2016-08-22,0.051541022097729774
2016-08-29,0.06792818826664926
2016-09-01,0.07145360435301877
2016-09-05,0.10583727286385054
2016-09-12,0.17078420227320032
2016-09-19,0.21153521680455764
2016-09-26,0.22426990884560652
2016-10-01,0.2310160218608338
2016-10-03,0.1988412643018422
2016-10-10,0.1499356328121748
2016-10-17,0.16537951644049115
2016-10-24,0.22072009944195645
2016-10-31,0.23359000246555275
2016-11-01,0.23290696130018748
2016-11-07,0.2135629162732267
2016-11-14,0.22516934328940297
2016-11-21,0.20066688625525286
2016-11-28,0.16326839920313005
2016-12-01,0.1592346636228971
2016-12-05,0.04829844887726093
2016-12-12,-0.012907738568606586
2016-12-19,-0.029484414335196503
2016-12-26,-0.03075954324031829
2017-01-01,-0.016199217652054773
2017-01-02,-0.03262841173907719
2017-01-09,0.014131602200910748
2017-01-16,0.09375000431494351
2017-01-23,0.12787217664952938
2017-01-30,0.14682893905763278
2017-02-01,0.1461767365558314
2017-02-06,0.1423876300832718
2017-02-13,0.13102031066559075
2017-02-20,0.14238763008327016
2017-02-27,0.16891137539119072
2017-03-01,0.16937348179050565
2017-03-06,0.16306134589681553
2017-03-13,0.2602682386596351
2017-03-20,0.27541736480449025
2017-03-27,0.28425435505565533
2017-04-01,0.2860820831177566
2017-04-03,0.25702968340591315
2017-04-10,0.22418784025339417
2017-04-17,0.2178721011856012
2017-04-24,0.22292469243983545
2017-05-01,0.2663426346415908
2017-05-08,0.27512529374444616
2017-05-15,0.2701066313999576
2017-05-22,0.23497599498853355
2017-05-29,0.22368400471343258
2017-06-01,0.22416363914094445
2017-06-05,0.2078260960506041
2017-06-12,0.22919057547643334
2017-06-19,0.2530685230700067
2017-06-26,0.2606089275732414
2017-07-01,0.2616254457679831
2017-07-03,0.2779902497915525
2017-07-10,0.2616254457679825
2017-07-17,0.2893197295001755
2017-07-24,0.2288958377208453
2017-07-31,0.19238973643750076
2017-08-01,0.19356908520836583
2017-08-07,0.1847824874180808
2017-08-14,0.20486613951016028
2017-08-21,0.29022166090149804
2017-08-28,0.3316441933414128
2017-09-01,0.32710304835588705
2017-09-04,0.08613810685171755
2017-09-11,0.09612629095551821
2017-09-18,0.1535583495523658
2017-09-25,0.18851699391566487
2017-10-01,0.19092836407368635
2017-10-02,0.16095140583143258
2017-10-09,0.17968700473284133
2017-10-16,0.16719660546523588
2017-10-23,0.16469852561171444
2017-10-30,0.15970236590467268
2017-11-01,0.1581778721423308
2017-11-06,0.09953588087662521
2017-11-13,0.13821464107315432
2017-11-20,0.17564569932785956
2017-11-27,0.1981043342806827
2017-12-01,0.19889799310673476
2017-12-04,0.2101399105787762
2017-12-11,0.20514350281342444
2017-12-18,0.23886925522955096
2017-12-25,0.16642134263194727
2018-01-01,0.13096432945073155
2018-01-08,0.12847999197317073
2018-01-15,0.09369926728731752
2018-01-22,0.09866794224244026
2018-01-29,0.07134022998926899
2018-02-01,0.07221445410079427
2018-02-05,0.07965300916681829
2018-02-12,0.13296265380665143
2018-02-19,0.1689156699590975
2018-02-26,0.17635422502512205
2018-03-01,0.17523396267226277
2018-03-05,0.19376120381201
2018-03-12,0.20734784731449185
2018-03-19,0.2481077778219374
2018-03-26,0.24687262841262148
2018-04-01,0.24567379773063497
2018-04-02,0.22230249803266805
2018-04-09,0.2542842765667281
2018-04-16,0.23583325048938505
2018-04-23,0.20877174557594888
2018-04-30,0.16817948820579462
2018-05-01,0.16766881171029657
2018-05-07,0.25828361088704466
2018-05-14,0.22889502737026218
2018-05-21,0.22644597874386316
2018-05-28,0.22767050305706213
2018-06-01,0.22477511203361228
2018-06-04,0.25411169340687517
2018-06-11,0.27122469920794456
2018-06-18,0.3042283532528625
2018-06-25,0.3372320072977815
2018-07-01,0.34035789927739835
2018-07-02,0.3183352199494542
2018-07-09,0.2950890584366235
2018-07-16,0.2889716475121935
2018-07-23,0.3061003981005953
2018-07-30,0.2791837900331082
2018-08-01,0.2812492577896905
2018-08-06,0.2604665316569228
2018-08-13,0.2629115582607778
2018-08-20,0.28858433760125496
2018-08-27,0.26657909816656
2018-09-01,0.25988115744658796
2018-09-03,0.2854876914015526
2018-09-10,0.289145767680834
2018-09-17,0.26231987496610865
2018-09-24,0.2635392337258677
2018-10-01,0.26002266956604814
2018-10-08,0.2612398707119969
2018-10-15,0.3634847669717732
2018-10-22,0.4620780597936995
2018-10-29,0.48398768042079504
2018-11-01,0.47951882920840505
2018-11-05,0.53555118650998
2018-11-12,0.5672216493326098
2018-11-19,0.5757483124002409
2018-11-26,0.6135092488426069
2018-12-01,0.6242324763867094
2018-12-03,0.6303746638175162
2018-12-10,0.594749976718839
2018-12-17,0.5591252896201635
2018-12-24,0.5615821645924866
2018-12-31,0.6021206016358065
2019-01-01,0.6266030426272017
2019-01-07,0.5765943160309885
2019-01-14,0.5095094388897256
2019-01-21,0.4485231869431237
2019-01-28,0.3838777598797253
2019-02-01,0.38542253720978464
2019-02-04,0.3634894018782731
2019-02-11,0.32449716128892153
2019-02-18,0.2842864131811524
2019-02-25,0.20020939441036004
2019-03-01,0.19836827288359907
2019-03-04,0.15355673030423952
2019-03-11,0.1499233619869946
2019-03-18,0.1353898887180112
2019-03-25,0.17414581743529656
2019-04-01,0.18995649888494842
2019-04-08,0.24299455043173768
2019-04-15,0.29241637119124697
2019-04-22,0.37558967929871184
2019-04-29,0.3767950895611401
2019-05-01,0.38004641082978385
2019-05-06,0.422201467164155
2019-05-13,0.4715831045844199
2019-05-20,0.4619476631365632
2019-05-27,0.4920584176611152
2019-06-01,0.4903536800895851
2019-06-03,0.47950561521544083
2019-06-10,0.4903536800895845
2019-06-17,0.5144604909210179
2019-06-24,0.4590148260087214
2019-07-01,0.37142985815803703
2019-07-08,0.30665827398077417
2019-07-15,0.24188668980351127
2019-07-22,0.23828826846032983
2019-07-29,0.25747984895729614
2019-08-01,0.2553227964153294
2019-08-05,0.2793405446944814
2019-08-12,0.33578225315048477
2019-08-19,0.3549964517738054
2019-08-26,0.3694071007412963
2019-09-01,0.3704063333183185
2019-09-02,0.3464318879792793
2019-09-09,0.3728037778522228
2019-09-16,0.36201527744965506
2019-09-23,0.25532899569092626
2019-09-30,0.279303441029966
2019-10-01,0.28007821773115626
2019-10-07,0.32828040061505526
2019-10-14,0.4403504758201221
2019-10-21,0.5042183681412884
2019-10-28,0.5909822973323071
2019-11-01,0.5875560489289702
2019-11-04,0.5827638535867108
2019-11-11,0.5659911698888002
2019-11-18,0.5671892187243647
2019-11-25,0.5396340955063686
2019-12-01,0.5377827022933304
2019-12-02,0.5006658884083817
2019-12-09,0.4827061397543749
2019-12-16,0.38692081359966923
2019-12-23,0.33543620079151365
2019-12-30,0.2887408542910951
2020-01-01,0.2934836215781971
2020-01-06,0.24936777179839428
2020-01-13,0.24459849074111875
2020-01-20,0.25652169338430886
2020-01-27,0.2672525757631794
2020-02-01,0.2679176321490231
2020-02-03,0.3143290304548053
2020-02-10,0.36550057217656395
2020-02-17,0.33931978338868823
2020-02-24,0.32384931728676014
2020-03-01,0.31876661909623577
2020-03-02,0.37235495517300393
2020-03-09,0.4152256240344176
2020-03-16,0.5128754808854161
2020-03-23,0.4711956639368189
2020-03-30,0.4640505524599166
2020-04-01,0.4636161439303628
2020-04-06,0.44686070653714305
2020-04-13,0.43489253697055785
2020-04-20,0.3750516891376313
2020-04-27,0.3295726447846071
2020-05-01,0.3344309430930214
2020-05-04,0.2995526294951926
2020-05-11,0.2550527121462386
2020-05-18,0.2478365093328952
2020-05-25,0.21897169807951947
2020-06-01,0.23878706365417185
2020-06-08,0.25906277007519457
2020-06-15,0.2590627700751956
2020-06-22,0.27814578788321725
2020-06-29,0.28410923094822454
2020-07-01,0.2866452222120987
2020-07-06,0.2902108052976168
2020-07-13,0.30090755455417145
2020-07-20,0.3638995223983278
2020-07-27,0.4019324086438551
2020-08-01,0.39779961533493785
2020-08-03,0.38951196826046075
2020-08-10,0.39306381700666565
2020-08-17,0.40845516157355305
2020-08-24,0.41437490948389455
2020-08-31,0.38122432118598215
2020-09-01,0.37709361545712866
2020-09-07,0.39481611163654506
2020-09-14,0.4231721055236117
2020-09-21,0.4267166047594953
2020-09-28,0.3995421106177233
2020-10-01,0.404756788983209
2020-10-05,0.3799549881660414
2020-10-12,0.3823170644343439
2020-10-19,0.38349810256849437
2020-10-26,0.37404979749528855
2020-11-01,0.37018902767659767
2020-11-02,0.3973268135145924
2020-11-09,0.39968662097876617
2020-11-16,0.3973268135145924
2020-11-23,0.41148565829963346
2020-11-30,0.386707679925812
2020-12-01,0.38791832260242975
2020-12-07,0.33951417765120084
2020-12-14,0.3017353328112164
2020-12-21,0.21673293192125265
2020-12-28,0.1919405649950134
2021-01-01,0.19398459631473686
2021-01-04,0.18810911628499563
2021-01-11,0.11172787589835738
2021-01-18,0.07529989971396138
2021-01-25,0.07647499571990911
2021-02-01,0.08381458248842379
2021-02-08,0.09199690371874893
2021-02-15,0.09667251585036343
2021-02-22,0.021862721744534387
2021-03-01,0.06746755752493393
2021-03-08,0.09767702959627887
2021-03-15,0.09535322405232957
2021-03-22,0.17552451531859156
2021-03-29,0.2010863763020379
2021-04-01,0.19752592275683878
2021-04-05,0.2009804803327606
2021-04-12,0.20673807629263036
2021-04-19,0.21825326821236932
2021-04-26,0.2332230177080301
2021-05-01,0.2355737932178184
2021-05-03,0.29959958793187924
2021-05-10,0.2481502886080802
2021-05-17,0.21728070901380117
2021-05-24,0.2572968307100893
2021-05-31,0.25386687742183567
2021-06-01,0.24933651708819968
2021-06-07,0.2912521737651789
2021-06-14,0.258399361775114
2021-06-21,0.30258072962382215
2021-06-28,0.3592235089170386
2021-07-01,0.3573362182586891
2021-07-05,0.4046893753886645
2021-07-12,0.4486601641522121
2021-07-19,0.42272867334294034
2021-07-26,0.47008183047291474
2021-08-01,0.47067876214159604
2021-08-02,0.4447997954999227
2021-08-09,0.459427037514781
2021-08-16,0.47855496938036685
2021-08-23,0.5168108331115365
2021-08-30,0.5190611780369003
2021-09-01,0.5160605493823472
2021-09-06,0.47008372225802747
2021-09-13,0.4768120384225626
2021-09-20,0.44765600170957914
2021-09-27,0.4353207554079319
2021-10-01,0.4307187711565422
2021-10-04,0.40402879216731225
2021-10-11,0.3306313499469298
2021-10-18,0.2728030621369306
2021-10-25,0.24944933052135393
2021-11-01,0.2249996240320126
2021-11-08,0.1907287538275418
2021-11-15,0.19736182548002007
2021-11-22,0.20178387324833827
2021-11-29,0.21505001655329378
2021-12-01,0.21373300534706458
2021-12-06,0.25010541311319906
2021-12-13,0.25671857816158733
2021-12-20,0.27214929660782594
2021-12-27,0.2798646558309453
2022-01-01,0.28680138194319876
2022-01-03,0.29991728573407006
2022-01-10,0.3644038127058531
2022-01-17,0.39828656416560276
2022-01-24,0.37751971649672433
2022-01-31,0.328335077280957
2022-02-01,0.3277393289565542
2022-02-07,0.24535587725336216
2022-02-14,0.19982818025949156
2022-02-21,0.1662244039068742
2022-02-28,0.10335282234391177
2022-03-01,0.10053523318874279
2022-03-07,0.017000766827811518
2022-03-14,0.16800537909564886
2022-03-21,0.1947792465190236
2022-03-28,0.22476597803320447
2022-04-01,0.22272706671753909
2022-04-04,0.2248541142351224
2022-04-11,0.24718811316976075
2022-04-18,0.25888687451647563
2022-04-25,0.24931516068734452
2022-05-01,0.24636713535591917
2022-05-02,0.2042796275817843
2022-05-09,0.18113149830601166
2022-05-16,0.19480993833260507
2022-05-23,0.30213308315664644
2022-05-30,0.2705674523260465
2022-06-01,0.26725299773814376
2022-06-06,0.19038736736343423
2022-06-13,0.22362655887682215
2022-06-20,0.2693304472077314
2022-06-27,0.29633729031235906
2022-07-01,0.2953036331024612
2022-07-04,0.3679599623904979
2022-07-11,0.3949465989831976
2022-07-18,0.41778144533086564
2022-07-25,0.4707167709550053
2022-08-01,0.5170198736254454
2022-08-08,0.5315805552898372
2022-08-15,0.5544616264767362
2022-08-22,0.5648621133798739
2022-08-29,0.5939834767086565
2022-09-01,0.5908535099018781
2022-09-05,0.558713356253317
2022-09-12,0.6229936635504411
2022-09-19,0.6364717924998381
2022-09-26,0.8977401382881485
2022-10-01,0.8921344606885812
2022-10-03,1.2046790293297163
2022-10-10,1.124222011659721
2022-10-17,1.0293239908181875
2022-10-24,0.9251424679378096
2022-10-31,0.7962049396205094
2022-11-01,0.7989965022717245
2022-11-07,0.6987273796006904
2022-11-14,0.7369743645370648
2022-11-21,0.714232914034356
2022-11-28,0.6780533336891369
2022-12-01,0.6793085688212674
2022-12-05,0.6233797058399925
2022-12-12,0.5332720932590508
2022-12-19,0.46077171532036143
2022-12-26,0.43177156414488593
2023-01-01,0.48813391590971383
2023-01-02,0.3412812680283535
2023-01-09,0.3446443057660942
2023-01-16,0.3659435447717884
2023-01-23,0.3603384818755524
2023-01-30,0.3625805070340468
2023-02-01,0.3632511748526572
2023-02-06,0.41676108045031696
2023-02-13,0.4524343508487571
2023-02-20,0.5315844195452951
2023-02-27,0.6419485998404695
2023-03-01,0.6380398255250093
2023-03-06,0.5835953810805643
2023-03-13,0.5247064921916751
2023-03-20,0.5380398255250092
2023-03-27,0.548039825525009
2023-04-01,0.545588073521695
2023-04-03,0.545588073521695
2023-04-10,0.5389549640126249
2023-04-17,0.5864922488276261
2023-04-24,0.6782502637030945
2023-05-01,0.786955078907101
2023-05-08,0.8299619806290796
2023-05-15,0.8564277663041419
2023-05-22,0.8928182216073548
2023-05-29,0.9027428912355033
2023-06-01,0.8981683010100316
2023-06-05,0.9366400165827171
2023-06-12,1.0014923371195312
2023-06-19,1.1081139488495473
2023-06-26,1.2312234386821421
2023-07-01,1.2291093083386613
2023-07-03,1.2817700670786965
2023-07-10,1.2302064074790784
2023-07-17,1.2027789289686437
2023-07-24,1.1446326745265227
2023-07-31,1.0031068854126783
2023-08-01,0.9994584675156359
2023-08-07,1.0049201113720736
2023-08-14,1.0060124401433606
2023-08-21,0.9863505222601849
2023-08-28,1.0540749060800136
2023-09-01,1.0517855342963915
2023-09-04,1.083384540975209
2023-09-11,1.0430685669367175
2023-09-18,0.9635262397796927
2023-09-25,0.9755120698992448
2023-10-01,0.9751786828155753
2023-10-02,1.084182564667727
2023-10-09,1.0950829528529424
2023-10-16,1.0852726034862485
2023-10-23,1.0296806237416505
2023-10-30,0.9762687216340965
2023-11-01,0.9784351099951603
2023-11-06,0.9041628012690308
2023-11-13,0.8735800859112134
2023-11-20,0.8757645655796285
2023-11-27,0.8637499274033437
2023-12-01,0.865571713350969
2023-12-04,0.8087187687866271
2023-12-11,0.8611984099229422
2023-12-18,0.8994648149181711
2023-12-25,0.7726390155054111
2024-01-01,0.7793268878938451
2024-01-08,0.7336559942660622
2024-01-15,0.7195197652860331
2024-01-22,0.659712642678222
2024-01-29,0.5988181178411783
2024-02-01,0.5951344310506457
2024-02-05,0.5292109398403271
2024-02-12,0.4513996059527375
2024-02-19,0.3833146888010971
2024-02-26,0.5400180695469367
2024-03-01,0.5365497209707065
2024-03-04,0.5258120017061628
2024-03-11,0.5709104226172457
2024-03-18,0.5773530541759714
2024-03-25,0.6149350716018728
2024-04-01,0.7537384412707343
2024-04-08,0.7729913786200389
2024-04-15,0.780478632033658
2024-04-22,0.7355551115519461
2024-04-29,0.7537384412707343
2024-05-01,0.7524880863235665
2024-05-06,0.7610307526378686
2024-05-13,0.772776918820035
2024-05-20,0.7546237529021423
2024-05-27,0.7674377523735956
2024-06-01,0.7671788253369072
2024-06-03,0.7276823239178468
2024-06-10,0.7255473778951942
2024-06-17,0.6102602926719909
2024-06-24,0.5835734673888424
2024-07-01,0.5274520912556618
2024-07-08,0.5093261083388103
2024-07-15,0.49120012542195834
2024-07-22,0.4858689539758254
2024-07-29,0.4848027196865991
2024-08-01,0.4844084659596148
2024-08-05,0.4567089187396157
2024-08-12,0.524892419588843
2024-08-19,0.5153041147819206
2024-08-26,0.5643110060173031
2024-09-01,0.5634071805995634
2024-09-02,0.6272268322974633
2024-09-09,0.6112719193729889
2024-09-16,0.6665822841778373
2024-09-23,0.6197812062660428
2024-09-30,0.5889350412787238
2024-10-01,0.588257791354804
2024-10-07,0.5882577913548045
2024-10-14,0.6010070437244113
2024-10-21,0.6254431107661615
2024-10-28,0.6594411170851152
2024-11-01,0.6597985400105734
2024-11-04,0.6640505942030073
2024-11-11,0.6725547025878733
2024-11-18,0.6587355264624654
2024-11-25,0.6512944316257078
2024-12-01,0.651063304183677
2024-12-02,0.6978193019234674
2024-12-09,0.6765665756781085
2024-12-16,0.6213094874401733
2024-12-23,0.5979314885702781
2024-12-30,0.600056761194814
2025-01-01,0.5961542417056933
2025-02-01,0.593518011410513
2025-03-01,0.5921873242783414
