date,los angeles rack price,fresno rack price,bakersfield rack price,barstow rack price,chico rack price,colton rack price,imperial rack price,sacramento rack price,san diego rack price,san francisco rack price,san jose rack price,stockton rack price
2000-01-01,,,,,,,,,,,,
2000-02-01,,,,,,,,,,,,
2000-03-01,,,,,,,,,,,,
2000-04-01,,,,,,,,,,,,
2000-05-01,,,,,,,,,,,,
2000-06-01,,,,,,,,,,,,
2000-07-01,,,,,,,,,,,,
2000-08-01,,,,,,,,,,,,
2000-09-01,,,,,,,,,,,,
2000-10-01,,,,,,,,,,,,
2000-11-01,,,,,,,,,,,,
2000-12-01,,,,,,,,,,,,
2001-01-01,,,,,,,,,,,,
2001-02-01,,,,,,,,,,,,
2001-03-01,,,,,,,,,,,,
2001-04-01,,,,,,,,,,,,
2001-05-01,,,,,,,,,,,,
2001-06-01,,,,,,,,,,,,
2001-07-01,,,,,,,,,,,,
2001-08-01,,,,,,,,,,,,
2001-09-01,,,,,,,,,,,,
2001-10-01,,,,,,,,,,,,
2001-11-01,,,,,,,,,,,,
2001-12-01,,,,,,,,,,,,
2002-01-01,,,,,,,,,,,,
2002-02-01,,,,,,,,,,,,
2002-03-01,,,,,,,,,,,,
2002-04-01,,,,,,,,,,,,
2002-05-01,,,,,,,,,,,,
2002-06-01,,,,,,,,,,,,
2002-07-01,,,,,,,,,,,,
2002-08-01,,,,,,,,,,,,
2002-09-01,,,,,,,,,,,,
2002-10-01,,,,,,,,,,,,
2002-11-01,,,,,,,,,,,,
2002-12-01,,,,,,,,,,,,
2003-01-01,,,,,,,,,,,,
2003-02-01,,,,,,,,,,,,
2003-03-01,,,,,,,,,,,,
2003-04-01,,,,,,,,,,,,
2003-05-01,,,,,,,,,,,,
2003-06-01,,,,,,,,,,,,
2003-07-01,,,,,,,,,,,,
2003-08-01,,,,,,,,,,,,
2003-09-01,,,,,,,,,,,,
2003-10-01,,,,,,,,,,,,
2003-11-01,,,,,,,,,,,,
2003-12-01,,,,,,,,,,,,
2004-01-01,,,,,,,,,,,,
2004-02-01,,,,,,,,,,,,
2004-03-01,,,,,,,,,,,,
2004-04-01,,,,,,,,,,,,
2004-05-01,,,,,,,,,,,,
2004-06-01,,,,,,,,,,,,
2004-07-01,,,,,,,,,,,,
2004-08-01,,,,,,,,,,,,
2004-09-01,,,,,,,,,,,,
2004-10-01,,,,,,,,,,,,
2004-11-01,,,,,,,,,,,,
2004-12-01,,,,,,,,,,,,
2005-01-01,,,,,,,,,,,,
2005-02-01,,,,,,,,,,,,
2005-03-01,,,,,,,,,,,,
2005-04-01,,,,,,,,,,,,
2005-05-01,,,,,,,,,,,,
2005-06-01,,,,,,,,,,,,
2005-07-01,,,,,,,,,,,,
2005-08-01,,,,,,,,,,,,
2005-09-01,,,,,,,,,,,,
2005-10-01,,,,,,,,,,,,
2005-11-01,,,,,,,,,,,,
2005-12-01,,,,,,,,,,,,
2006-01-01,,,,,,,,,,,,
2006-02-01,,,,,,,,,,,,
2006-03-01,,,,,,,,,,,,
2006-04-01,,,,,,,,,,,,
2006-05-01,,,,,,,,,,,,
2006-06-01,,,,,,,,,,,,
2006-07-01,,,,,,,,,,,,
2006-08-01,,,,,,,,,,,,
2006-09-01,,,,,,,,,,,,
2006-10-01,,,,,,,,,,,,
2006-11-01,,,,,,,,,,,,
2006-12-01,,,,,,,,,,,,
2007-01-01,,,,,,,,,,,,
2007-02-01,,,,,,,,,,,,
2007-03-01,,,,,,,,,,,,
2007-04-01,,,,,,,,,,,,
2007-05-01,,,,,,,,,,,,
2007-06-01,,,,,,,,,,,,
2007-07-01,,,,,,,,,,,,
2007-08-01,,,,,,,,,,,,
2007-09-01,,,,,,,,,,,,
2007-10-01,,,,,,,,,,,,
2007-11-01,,,,,,,,,,,,
2007-12-01,,,,,,,,,,,,
2008-01-01,,,,,,,,,,,,
2008-02-01,,,,,,,,,,,,
2008-03-01,,,,,,,,,,,,
2008-04-01,,,,,,,,,,,,
2008-05-01,,,,,,,,,,,,
2008-06-01,,,,,,,,,,,,
2008-07-01,,,,,,,,,,,,
2008-08-01,,,,,,,,,,,,
2008-09-01,,,,,,,,,2.88,,2.8701999999999996,
2008-10-01,,,,,,,,,2.264130434782609,,2.255130434782609,1.8372222222222223
2008-11-01,,,,,,,,,1.3664999999999998,,1.3575,1.3664999999999998
2008-12-01,,,,,,,,,1.059782608695652,,1.136,1.0780434782608694
2009-01-01,,,,,,,,,1.055,,1.136,1.075
2009-02-01,,,,,,,,,1.055,,1.136,1.075
2009-03-01,,,,,,,,,1.055,,1.136,1.075
2009-04-01,,,,,,,,,1.4553636363636364,,1.3335454545454544,1.075
2009-05-01,,,,,,,,,1.8977142857142855,,1.8887142857142858,1.075
2009-06-01,,,,,,,,,2.1897272727272727,,2.180727272727273,1.075
2009-07-01,,,,,,,,,2.0478260869565217,,2.038826086956522,1.075
2009-08-01,,,,,,,,,2.2899523809523807,,2.280952380952381,1.075
2009-09-01,,,,,,,,,2.3222727272727273,,2.313272727272727,1.997959090909091
2009-10-01,,,,,,,,,2.168863636363636,2.2175,2.159727272727273,2.124322727272727
2009-11-01,2.14,,,,,,,,2.10647619047619,2.1490476190476193,2.0915809523809523,2.0732809523809523
2009-12-01,2.146095652173913,2.1983333333333337,,,,,,,2.140191304347826,2.1538173913043477,2.126404347826087,2.1329478260869563
2010-01-01,2.1863809523809525,2.182,2.2176285714285715,2.1725933333333334,2.1763133333333333,2.1670066666666665,2.2289466666666664,,2.178438095238095,2.1871809523809524,2.1779428571428574,2.1787285714285716
2010-02-01,2.13435,2.134225,2.16969,2.15835,2.134725,2.1454,2.1964300000000003,,2.11251,2.167375,2.0906949999999997,2.1165
2010-03-01,2.261565217391304,2.2996608695652174,2.3104695652173914,2.2929521739130436,2.2978521739130433,2.2730434782608695,2.3129999999999997,,2.269586956521739,2.2860434782608694,2.252291304347826,2.2606782608695655
2010-04-01,2.279281818181818,2.3249,2.341813636363636,2.3230181818181816,2.3114772727272728,2.285040909090909,2.321140909090909,,2.288468181818182,2.3187136363636363,2.2749363636363635,2.279990909090909
2010-05-01,2.202042857142857,2.2622666666666666,2.268961904761905,2.2396285714285717,2.2389571428571426,2.1962761904761905,2.2404,,2.216952380952381,2.2329190476190477,2.2149619047619047,2.2176809523809524
2010-06-01,2.2767409090909094,2.3272545454545455,2.308031818181818,2.2914772727272728,2.3233136363636366,2.2836136363636363,2.293886363636364,,2.305618181818182,2.2983499999999997,2.287427272727273,2.3143863636363635
2010-07-01,2.305118181818182,2.3326136363636363,2.3349,2.3240545454545454,2.330059090909091,2.3029727272727274,2.3342636363636364,,2.306122727272727,2.3184681818181816,2.2992863636363636,2.3069545454545453
2010-08-01,2.2612954545454547,2.30205,2.3060227272727274,2.2896545454545456,2.323190909090909,2.2498,2.300463636363636,,2.29235,2.2828227272727273,2.294881818181818,2.29205
2010-09-01,2.1432363636363636,2.182031818181818,2.1851136363636363,2.1719636363636363,2.2035681818181816,2.1427363636363634,2.1865363636363635,,2.1904545454545454,2.1739772727272726,2.17775,2.1844545454545456
2010-10-01,2.292195238095238,2.3510714285714287,2.3254761904761905,2.3274333333333335,2.3701285714285714,2.310395238095238,2.3342,,2.355328571428571,2.327328571428571,2.325542857142857,2.355557142857143
2010-11-01,2.3112363636363638,2.3613863636363637,2.345136363636364,2.3498,2.3813999999999997,2.323113636363636,2.345568181818182,,2.350140909090909,2.3431272727272727,2.3455909090909093,2.352186363636364
2010-12-01,2.4350782608695654,2.4688521739130436,2.455504347826087,2.47394347826087,2.482134782608696,2.4618608695652173,2.4696652173913045,,2.465530434782609,2.473786956521739,2.4527652173913044,2.469282608695652
2011-01-01,2.5078714285714288,2.5373714285714284,2.5312666666666663,2.5442809523809524,2.5469476190476192,2.5131,2.5416523809523808,,2.526461904761905,2.5350761904761905,2.5265047619047616,2.5310285714285716
2011-02-01,2.71896,2.75073,2.72261,2.759525,2.76952,2.74929,2.770355,,2.74594,2.769455,2.72145,2.75008
2011-03-01,3.1196347826086956,3.1312739130434784,3.1184391304347825,3.1547043478260868,3.1561652173913046,3.1478478260869562,3.159052173913044,,3.1270652173913045,3.1565739130434785,3.117473913043478,3.1381304347826084
2011-04-01,3.3467571428571423,3.3506190476190474,3.3513761904761905,3.3808285714285713,3.365338095238095,3.3530571428571427,3.3821142857142856,,3.3344047619047616,3.376004761904762,3.338633333333333,3.347790476190476
2011-05-01,3.2258136363636365,3.1979681818181818,3.244327272727273,3.2611227272727272,3.205768181818182,3.195863636363636,3.2526545454545457,,3.172195454545454,3.2233181818181817,3.2136409090909086,3.1899090909090906
2011-06-01,3.0110318181818183,2.982127272727273,2.994809090909091,3.056440909090909,2.997831818181818,2.9963272727272727,3.0401636363636366,,2.96305,3.022009090909091,2.976340909090909,2.970922727272727
2011-07-01,2.980547619047619,2.9785904761904765,2.957752380952381,3.0232619047619047,3.000547619047619,2.999104761904762,3.004966666666667,,2.967109523809524,3.015080952380952,2.9629,2.9809666666666668
2011-08-01,2.9162652173913046,2.9343391304347826,2.9171304347826084,2.966108695652174,2.951904347826087,2.943539130434783,2.954834782608696,,2.9307652173913046,2.954860869565217,2.9162521739130436,2.940034782608696
2011-09-01,3.0501909090909094,3.0290000000000004,3.0338499999999997,3.0946318181818184,3.0381454545454547,3.0734,3.074190909090909,,3.007059090909091,3.0638,3.024227272727273,3.017327272727273
2011-10-01,3.012852380952381,2.9836571428571426,2.9750285714285716,3.0562666666666667,2.9994285714285716,3.0216904761904764,3.032595238095238,,2.971347619047619,3.0442285714285715,2.9626714285714284,2.9795380952380954
2011-11-01,2.878359090909091,2.844454545454546,2.863036363636364,2.921031818181818,2.852622727272727,2.8878454545454546,2.908427272727273,,2.8172863636363634,2.901418181818182,2.8351772727272726,2.829881818181818
2011-12-01,2.742681818181818,2.726390909090909,2.7366681818181817,2.7955954545454547,2.7373818181818184,2.785327272727273,2.7782999999999998,,2.7116045454545454,2.783581818181818,2.704859090909091,2.72255
2012-01-01,2.86615,2.8436227272727272,2.8514363636363638,2.9166454545454545,2.8552,2.8904863636363634,2.907190909090909,,2.8273227272727275,2.9093045454545456,2.8251454545454546,2.836609090909091
2012-02-01,3.1760142857142855,3.155380952380953,3.152214285714286,3.228109523809524,3.174652380952381,3.2166952380952383,3.2102047619047616,,3.149161904761905,3.234695238095238,3.127104761904762,3.168361904761905
2012-03-01,3.4033045454545454,3.3842,3.4114500000000003,3.450704545454545,3.3958454545454546,3.4240681818181815,3.433609090909091,,3.359,3.414631818181818,3.365118181818182,3.3711727272727274
2012-04-01,3.2588190476190473,3.2683238095238094,3.2784761904761903,3.307890476190476,3.278785714285714,3.2665380952380954,3.291233333333333,,3.2360523809523807,3.2763095238095237,3.2383761904761905,3.2483380952380956
2012-05-01,3.3123652173913043,3.402665217391305,3.348521739130435,3.3582956521739136,3.436130434782609,3.3629478260869567,3.337513043478261,,3.3990956521739126,3.324878260869565,3.3590260869565216,3.445086956521739
2012-06-01,2.8358809523809523,2.905466666666667,2.9300571428571427,2.893042857142857,2.9062,2.8798380952380955,2.8782952380952382,,2.8509142857142855,2.809647619047619,2.886961904761905,2.9072428571428572
2012-07-01,2.8514136363636364,2.8615090909090912,2.854372727272727,2.8960363636363637,2.8697045454545456,2.8680499999999998,2.8751863636363635,,2.8376045454545458,2.8758954545454545,2.8318181818181816,2.8520818181818184
2012-08-01,3.166852173913043,3.2080217391304346,3.1744521739130436,3.223039130434783,3.247026086956522,3.1729217391304347,3.1914869565217394,,3.203373913043478,3.1790304347826086,3.193447826086956,3.2277869565217387
2012-09-01,3.24374,3.2577100000000003,3.2472250000000003,3.2985599999999997,3.2760800000000003,3.2530349999999997,3.26377,,3.2410249999999996,3.245195,3.2685850000000003,3.26636
2012-10-01,3.3944956521739127,3.2664913043478263,3.386026086956522,3.4359782608695655,3.2701347826086957,3.3726521739130435,3.435073913043478,,3.2102043478260867,3.4147826086956523,3.2692695652173915,3.2610130434782607
2012-11-01,2.877818181818182,2.7605181818181816,2.8410772727272726,2.942168181818182,2.7663409090909092,2.86835,2.9272727272727277,,2.723059090909091,2.8794954545454545,2.7481590909090907,2.7416863636363633
2012-12-01,2.706114285714286,2.615428571428571,2.6565714285714286,2.757214285714286,2.6238285714285716,2.7101571428571427,2.7334,,2.5867428571428572,2.7142142857142857,2.5932666666666666,2.5987809523809524
2013-01-01,2.8563260869565217,2.747786956521739,2.7768521739130434,2.893065217391304,2.7550391304347825,2.8684000000000003,2.8782043478260873,,2.7207478260869564,2.8847652173913043,2.722982608695652,2.7295000000000003
2013-02-01,3.3019249999999998,3.18339,3.2448900000000003,3.329045,3.1801500000000003,3.3105800000000003,3.327255,,3.136235,3.319745,3.142715,3.1492750000000003
2013-03-01,3.1519523809523813,3.1109,3.159595238095238,3.1792,3.1259,3.141995238095238,3.1793238095238094,,3.0667,3.1440190476190475,3.091609523809524,3.086595238095238
2013-04-01,3.01405,3.0627272727272725,3.045318181818182,3.036040909090909,3.069281818181818,3.0109363636363637,3.0168636363636363,,3.030168181818182,3.022109090909091,3.0394954545454542,3.045345454545455
2013-05-01,3.071760869565217,3.083904347826087,3.1152652173913045,3.088365217391304,3.099604347826087,3.070717391304348,3.0643130434782613,,3.0581260869565217,3.071439130434783,3.067960869565218,3.0701434782608694
2013-06-01,3.07688,3.020375,3.07995,3.095555,3.032495,3.07904,3.0884799999999997,,2.97647,3.089445,3.00469,2.99407
2013-07-01,3.036395652173913,2.941886956521739,3.039404347826087,3.0532956521739134,2.9503173913043477,3.032491304347826,3.049582608695652,,2.8970608695652174,3.0494695652173913,2.924947826086956,2.911813043478261
2013-08-01,2.85265,2.853418181818182,2.885872727272727,2.882081818181818,2.8753045454545454,2.84875,2.875031818181818,,2.8096272727272726,2.869740909090909,2.820622727272727,2.8244363636363636
2013-09-01,2.9489285714285716,2.9485142857142854,2.9830190476190475,2.980166666666667,2.952490476190476,2.9377142857142857,2.975747619047619,,2.908147619047619,2.967085714285714,2.9286714285714286,2.934390476190476
2013-10-01,2.7708434782608693,2.7460434782608694,2.7822260869565216,2.7989521739130434,2.743404347826087,2.7765478260869565,2.814991304347826,,2.707495652173913,2.808173913043478,2.7239565217391304,2.728039130434783
2013-11-01,2.6554,2.602752380952381,2.645347619047619,2.6795,2.605304761904762,2.6698,2.7053285714285713,,2.5842047619047617,2.705,2.580942857142857,2.5936523809523813
2013-12-01,2.7063363636363635,2.6556363636363636,2.680531818181818,2.722190909090909,2.6645545454545454,2.712509090909091,2.735022727272727,,2.6307,2.730881818181818,2.64425,2.646427272727273
2014-01-01,2.6923347826086954,2.6495217391304346,2.694752173913044,2.7237391304347827,2.6439391304347826,2.6862913043478263,2.7227391304347823,,2.5801391304347825,2.6950695652173913,2.6313999999999997,2.628395652173913
2014-02-01,2.8587700000000003,2.805365,2.8245449999999996,2.8910899999999997,2.8084800000000003,2.85517,2.88827,,2.749635,2.8580449999999997,2.781015,2.787585
2014-03-01,3.035242857142857,2.9965619047619048,3.0318857142857145,3.062709523809524,2.9884285714285714,3.0167809523809526,3.0663714285714283,,2.9495095238095237,3.0041857142857142,2.966547619047619,2.9721761904761905
2014-04-01,3.2506500000000003,3.1727727272727275,3.2210636363636365,3.269009090909091,3.1740545454545455,3.236881818181818,3.2812409090909087,,3.1350363636363636,3.2259,3.159877272727273,3.1550818181818183
2014-05-01,3.1107954545454546,3.0607272727272727,3.103640909090909,3.127204545454546,3.0871045454545456,3.0966636363636364,3.1170772727272724,,3.0158227272727274,3.0758272727272726,3.065631818181818,3.0491545454545457
2014-06-01,3.137690476190476,3.1005095238095235,3.137057142857143,3.1629095238095237,3.107642857142857,3.134085714285714,3.151742857142857,,3.052323809523809,3.1124523809523814,3.0945857142857145,3.079
2014-07-01,2.988817391304348,2.9831826086956523,3.0145391304347826,3.0285826086956518,2.9817347826086955,2.9986173913043475,3.0191304347826087,,2.9344695652173916,2.9476782608695653,2.9760652173913043,2.955060869565217
2014-08-01,2.8603476190476194,2.8851,2.8876285714285714,2.8853619047619046,2.8924809523809523,2.8660952380952383,2.8894761904761905,,2.8578380952380953,2.848842857142857,2.891142857142857,2.8732
2014-09-01,2.764463636363636,2.728377272727273,2.7843636363636364,2.7862454545454547,2.7420636363636364,2.7737863636363636,2.7942272727272726,,2.68865,2.7610227272727275,2.7435954545454546,2.713790909090909
2014-10-01,2.3996,2.3553434782608695,2.4253565217391304,2.4196782608695653,2.366295652173913,2.4125608695652176,2.423086956521739,,2.305326086956522,2.3932173913043475,2.3691304347826088,2.337995652173913
2014-11-01,2.173295,2.119275,2.16922,2.18835,2.1341449999999997,2.17558,2.19522,,2.080085,2.15959,2.113845,2.10271
2014-12-01,1.7119521739130434,1.6606913043478262,1.7363086956521738,1.730686956521739,1.6507652173913043,1.7213304347826088,1.7410782608695654,,1.5986565217391304,1.6864217391304348,1.6613260869565218,1.6275173913043477
2015-01-01,1.5282045454545454,1.513440909090909,1.5384363636363636,1.5475,1.507431818181818,1.5330636363636365,1.5559636363636364,,1.4571272727272728,1.523709090909091,1.5126545454545453,1.4883500000000003
2015-02-01,2.075465,2.00367,2.03436,2.086975,2.0034199999999998,2.0639700000000003,2.08629,,1.967795,2.0829899999999997,1.993885,1.9951750000000001
2015-03-01,2.2331772727272727,2.1779727272727274,2.2106999999999997,2.257018181818182,2.176359090909091,2.2456772727272725,2.257563636363636,,2.132909090909091,2.205559090909091,2.179818181818182,2.1574227272727273
2015-04-01,2.3433227272727275,2.2755318181818183,2.3133090909090908,2.353504545454545,2.275040909090909,2.351186363636364,2.3624181818181818,,2.2345954545454543,2.3164,2.25975,2.255640909090909
2015-05-01,2.817080952380952,2.5247142857142855,2.721657142857143,2.8340809523809525,2.524442857142857,2.832866666666667,2.840247619047619,,2.4555666666666665,2.8237714285714284,2.5232761904761905,2.4862190476190476
2015-06-01,2.4661227272727273,2.337181818181818,2.4977636363636364,2.5112636363636365,2.3411181818181817,2.4899272727272725,2.4971545454545456,,2.2887136363636364,2.39875,2.3402045454545455,2.3181727272727275
2015-07-01,2.8948565217391304,2.5272,2.818008695652174,2.907730434782609,2.5124478260869565,2.941208695652174,2.9143739130434785,,2.4632347826086956,2.886382608695652,2.496213043478261,2.485495652173913
2015-08-01,2.5047761904761905,2.2512285714285714,2.372952380952381,2.523138095238095,2.152142857142857,2.505761904761905,2.542538095238095,,2.098695238095238,2.546357142857143,2.141219047619048,2.1263285714285716
2015-09-01,2.079181818181818,1.948768181818182,2.0140863636363635,2.1105636363636364,1.8842454545454546,2.0799363636363637,2.0980454545454545,,1.8364863636363638,2.004363636363636,1.8782818181818184,1.8536818181818182
2015-10-01,1.9631181818181818,1.8267772727272729,1.932659090909091,2.003881818181818,1.8267590909090907,1.9686454545454546,1.978222727272727,,1.7801954545454544,1.8841772727272728,1.8248454545454544,1.7995954545454544
2015-11-01,1.8889857142857143,1.6721333333333335,1.7977809523809523,1.920561904761905,1.6681619047619047,1.890609523809524,1.9269952380952382,,1.6355,1.867804761904762,1.685052380952381,1.6496095238095236
2015-12-01,1.9896695652173912,1.6858391304347824,1.8778565217391303,2.0246304347826087,1.6881434782608695,1.9859521739130437,2.024469565217391,,1.6567347826086958,1.9991173913043478,1.6952217391304347,1.6752913043478261
2016-01-01,1.7141523809523809,1.479195238095238,1.635647619047619,1.7458142857142858,1.4706380952380953,1.7506761904761905,1.7627428571428572,,1.4352238095238097,1.713209523809524,1.495747619047619,1.4609380952380953
2016-02-01,1.3689142857142858,1.3193333333333332,1.3573190476190478,1.4165190476190477,1.317238095238095,1.3973809523809524,1.3797857142857144,,1.271052380952381,1.3238523809523808,1.3209904761904763,1.297104761904762
2016-03-01,1.8407130434782608,1.6979869565217391,1.8285826086956523,1.8760173913043479,1.7126826086956521,1.8492521739130436,1.8619826086956521,,1.6670695652173912,1.770304347826087,1.706586956521739,1.6817565217391304
2016-04-01,1.868404761904762,1.7966952380952381,1.864104761904762,1.898595238095238,1.8153333333333332,1.8586238095238097,1.8681999999999999,,1.770152380952381,1.803657142857143,1.8024,1.7755857142857143
2016-05-01,1.8619727272727273,1.8491363636363636,1.884218181818182,1.8915545454545457,1.8445454545454545,1.8564772727272727,1.8522863636363638,,1.7984727272727274,1.7869,1.8538590909090908,1.8234636363636363
2016-06-01,1.9699636363636364,1.8972272727272725,1.9893045454545453,1.993077272727273,1.8808318181818182,1.963459090909091,1.9543272727272727,,1.8371227272727273,1.9220227272727273,1.8915681818181818,1.8689909090909091
2016-07-01,1.741138095238095,1.6885666666666665,1.8074714285714284,1.7506761904761905,1.6621571428571427,1.7383809523809524,1.7069523809523812,,1.6189761904761906,1.6645619047619047,1.6751333333333331,1.6485142857142858
2016-08-01,1.6799304347826085,1.650326086956522,1.7588521739130436,1.6941347826086957,1.6172869565217391,1.6885565217391303,1.6780000000000002,,1.577613043478261,1.6436608695652175,1.6198434782608695,1.5921956521739131
2016-09-01,1.8251863636363637,1.8336181818181816,1.8797545454545455,1.8425136363636363,1.8038454545454548,1.8341772727272727,1.8232,,1.7770727272727271,1.7968772727272728,1.809409090909091,1.7887136363636364
2016-10-01,1.8863142857142858,1.7768000000000002,1.9126047619047621,1.9047380952380952,1.7455190476190476,1.8817190476190477,1.878161904761905,,1.7205619047619047,1.8491619047619048,1.7565666666666668,1.7374333333333334
2016-11-01,1.718540909090909,1.589968181818182,1.713640909090909,1.7499954545454544,1.543240909090909,1.7429636363636363,1.7860045454545455,,1.505290909090909,1.7034227272727271,1.5537454545454545,1.5280818181818183
2016-12-01,1.7887863636363635,1.7361000000000002,1.7986863636363637,1.8126545454545455,1.7078863636363637,1.7578227272727274,1.7941181818181817,,1.6749454545454545,1.7178545454545455,1.7193545454545456,1.6908409090909091
2017-01-01,1.8964363636363637,1.8278136363636364,1.9275636363636364,1.8814772727272726,1.80315,1.8774727272727274,1.8972136363636365,,1.7714272727272729,1.8333818181818182,1.8199590909090908,1.7949681818181817
2017-02-01,2.047715,1.9402300000000001,2.06493,2.022665,1.9176449999999998,2.0317049999999997,2.0600300000000002,,1.883695,1.9855399999999999,1.92738,1.8974499999999999
2017-03-01,2.0219478260869566,2.0104478260869563,2.050308695652174,2.017221739130435,1.990969565217391,1.998391304347826,2.0092565217391303,,1.945882608695652,1.9521695652173914,1.9777565217391304,1.963995652173913
2017-04-01,2.07649,2.0528950000000004,2.101815,2.08098,2.022265,2.04909,2.0359249999999998,,1.98761,2.00359,2.025945,2.002495
2017-05-01,2.0617739130434782,2.1172695652173914,2.1245521739130435,2.052391304347826,2.1319434782608697,2.045504347826087,2.0235,,2.0708869565217394,2.000030434782609,2.0999478260869564,2.098095652173913
2017-06-01,1.9285954545454544,1.8635227272727273,1.9787818181818182,1.9294727272727272,1.848440909090909,1.9070909090909092,1.887081818181818,,1.8031363636363635,1.8585681818181818,1.8754409090909092,1.8327409090909093
2017-07-01,1.9647809523809523,1.9141380952380953,1.9962190476190476,1.9546333333333332,1.8965523809523812,1.9322761904761903,1.9298380952380954,,1.8572285714285717,1.9108285714285715,1.9162190476190477,1.8669761904761903
2017-08-01,2.062826086956522,2.01544347826087,2.1011739130434783,2.0401608695652174,1.998378260869565,2.0273565217391303,2.0346652173913045,,1.9582391304347828,1.9968478260869567,2.031391304347826,1.965504347826087
2017-09-01,2.108895238095238,2.091614285714286,2.1559714285714286,2.095542857142857,2.0826857142857143,2.0739095238095238,2.052052380952381,1.9244666666666668,2.041009523809524,2.014685714285714,2.117804761904762,2.050695238095238
2017-10-01,2.04095,1.959531818181818,2.0785636363636364,2.035309090909091,1.9475,2.0197136363636363,1.9756318181818182,1.922568181818182,1.9099863636363636,1.9833863636363638,1.98125,1.9240636363636363
2017-11-01,2.1149363636363634,1.9971727272727273,2.1147545454545456,2.111981818181818,1.9775454545454545,2.0871136363636364,2.0704363636363636,2.012122727272727,1.9355227272727271,2.0424318181818184,2.0100090909090906,1.9543681818181817
2017-12-01,1.9852857142857143,1.9036619047619048,1.977647619047619,1.9598476190476188,1.8662238095238095,1.9262714285714286,1.8993714285714287,1.8866285714285713,1.8279333333333334,1.8865190476190477,1.8983999999999999,1.8522761904761904
2018-01-01,2.2324652173913044,2.087773913043478,2.2088695652173915,2.2253826086956523,2.045986956521739,2.200995652173913,2.1670565217391307,2.1344304347826086,2.0077608695652174,2.163891304347826,2.0687304347826085,2.0252521739130436
2018-02-01,2.24647,2.156065,2.24762,2.26175,2.1000699999999997,2.2403649999999997,2.19223,2.143365,2.076255,2.21467,2.13373,2.104305
2018-03-01,2.3872227272727273,2.3464,2.396190909090909,2.405359090909091,2.3189454545454544,2.3810090909090906,2.355872727272727,2.2851363636363633,2.2893772727272728,2.355786363636364,2.327840909090909,2.293213636363636
2018-04-01,2.506,2.4785,2.5193761904761907,2.522685714285714,2.4573476190476193,2.5118476190476193,2.5016952380952384,2.4386952380952382,2.4192619047619046,2.4791714285714286,2.4587285714285714,2.4330285714285713
2018-05-01,2.607786956521739,2.583452173913044,2.6392304347826085,2.6189782608695653,2.5932391304347826,2.5800391304347827,2.5822,2.531695652173913,2.5365956521739133,2.559008695652174,2.5630521739130434,2.542786956521739
2018-06-01,2.4801809523809526,2.4855666666666667,2.5001190476190476,2.534542857142857,2.456047619047619,2.4552428571428573,2.451638095238095,2.4232809523809524,2.4177142857142857,2.4353190476190476,2.4728666666666665,2.439604761904762
2018-07-01,2.4964545454545455,2.48385,2.5202545454545455,2.5842,2.43695,2.470818181818182,2.4998,2.460090909090909,2.4032863636363637,2.4500454545454544,2.480009090909091,2.4446636363636363
2018-08-01,2.442213043478261,2.4674391304347827,2.557678260869565,2.5724478260869565,2.4217260869565216,2.432913043478261,2.4442391304347826,2.3974521739130434,2.3821608695652174,2.4249869565217392,2.4539304347826087,2.4215391304347826
2018-09-01,2.5683350000000003,2.565015,2.62475,2.7085850000000002,2.518195,2.57954,2.574375,2.493845,2.473315,2.57892,2.550695,2.49463
2018-10-01,2.6402347826086956,2.537208695652174,2.6823130434782607,2.7479782608695653,2.5283608695652173,2.664413043478261,2.6610521739130433,2.553095652173913,2.4929478260869566,2.6300521739130436,2.5577391304347827,2.5164565217391304
2018-11-01,2.2611045454545455,2.16365,2.2457545454545453,2.38465,2.14235,2.262709090909091,2.2704545454545455,2.231690909090909,2.109981818181818,2.262309090909091,2.184718181818182,2.143918181818182
2018-12-01,2.138652380952381,1.9813666666666667,2.0869999999999997,2.3070761904761903,1.9565380952380953,2.1271047619047616,2.179561904761905,2.134590476190476,1.8991857142857143,2.151609523809524,2.0030428571428573,1.9153142857142857
2019-01-01,2.092713043478261,1.9268652173913043,2.0249521739130434,2.2784695652173914,1.898386956521739,2.0870956521739132,2.0764391304347827,2.0496217391304348,1.8425608695652174,2.090426086956522,1.959695652173913,1.8634
2019-02-01,2.23534,2.07587,2.227375,2.311205,2.03871,2.23431,2.201245,2.19379,2.0058599999999998,2.25665,2.064515,1.982845
2019-03-01,2.378542857142857,2.3488285714285717,2.4157380952380954,2.438395238095238,2.3144619047619046,2.392952380952381,2.3632285714285715,2.4175619047619046,2.2856809523809525,2.4187761904761906,2.3124761904761906,2.262204761904762
2019-04-01,2.88795,2.8626636363636364,2.9925681818181817,2.9718500000000003,2.8478136363636364,2.8938272727272727,2.8828863636363633,2.903681818181818,2.8089227272727273,2.894572727272727,2.8262818181818186,2.8080818181818183
2019-05-01,2.757082608695652,2.795413043478261,2.8260260869565217,2.891604347826087,2.80355652173913,2.7625434782608695,2.7952043478260866,2.6853173913043475,2.7099869565217394,2.7550608695652175,2.7415347826086958,2.7338304347826083
2019-06-01,2.4547049999999997,2.41733,2.392155,2.5486,2.422295,2.422865,2.4979199999999997,2.29397,2.276275,2.421005,2.3802399999999997,2.3027699999999998
2019-07-01,2.411108695652174,2.3962521739130436,2.4039739130434783,2.459769565217391,2.368986956521739,2.408582608695652,2.381713043478261,2.277004347826087,2.2832913043478262,2.3770217391304347,2.3486565217391306,2.266604347826087
2019-08-01,2.2791772727272726,2.25185,2.2944681818181816,2.3092681818181817,2.216663636363636,2.288309090909091,2.262331818181818,2.1326954545454546,2.172881818181818,2.260531818181818,2.200404545454546,2.1426863636363636
2019-09-01,2.600347619047619,2.570795238095238,2.562985714285714,2.634057142857143,2.548638095238095,2.6379047619047618,2.626571428571429,2.4433666666666665,2.5297619047619047,2.615147619047619,2.539433333333333,2.496804761904762
2019-10-01,2.8082739130434784,2.799213043478261,2.7763782608695653,2.8224782608695653,2.858591304347826,2.8143478260869568,2.8559130434782607,2.71645652173913,2.784047826086957,2.770091304347826,2.757152173913043,2.7585130434782608
2019-11-01,2.5845285714285717,2.3896904761904763,2.4699142857142857,2.559014285714286,2.385209523809524,2.558790476190476,2.556985714285714,2.5948904761904763,2.3151428571428574,2.4865904761904765,2.331447619047619,2.301619047619048
2019-12-01,2.3491363636363634,2.0927227272727276,2.1833954545454546,2.339581818181818,2.054736363636364,2.3427409090909093,2.3458727272727273,2.342518181818182,2.0352636363636365,2.3146363636363634,2.0922227272727274,2.027881818181818
2020-01-01,2.4789260869565215,2.2076434782608696,2.2875130434782607,2.4484913043478262,2.2060652173913042,2.473795652173913,2.455,2.5241608695652173,2.1683565217391303,2.435765217391304,2.1820260869565216,2.1687173913043476
2020-02-01,2.46696,2.1245950000000002,2.285005,2.3780799999999997,2.12481,2.4592300000000002,2.403975,2.6026800000000003,2.05561,2.4080500000000002,2.09892,2.084165
2020-03-01,1.7104227272727273,1.413040909090909,1.5675818181818182,1.6755136363636363,1.434840909090909,1.7176090909090909,1.6017318181818183,1.7629090909090908,1.3461863636363636,1.652059090909091,1.3843227272727272,1.3584772727272727
2020-04-01,1.1493909090909091,0.9697954545454546,1.072290909090909,1.1864681818181817,0.9794727272727273,1.1433772727272726,1.0752090909090908,0.9943363636363636,0.909240909090909,1.0871954545454545,0.9547818181818183,0.9024227272727273
2020-05-01,1.5685666666666667,1.4744,1.4840714285714285,1.6023857142857143,1.5047333333333333,1.560452380952381,1.527704761904762,1.5269190476190477,1.4444619047619047,1.5418761904761904,1.4749904761904762,1.4391904761904761
2020-06-01,1.7776772727272727,1.7438181818181817,1.7516636363636364,1.8187772727272729,1.7534681818181816,1.7798954545454544,1.757718181818182,1.812318181818182,1.697827272727273,1.7762045454545456,1.75435,1.710731818181818
2020-07-01,1.811926086956522,1.8026260869565218,1.8297826086956521,1.8564782608695651,1.8291347826086959,1.8054478260869566,1.7975739130434782,1.7507608695652173,1.7752695652173913,1.7895304347826086,1.837486956521739,1.7952434782608695
2020-08-01,1.8785380952380952,1.8812523809523811,1.922047619047619,1.9253,1.907995238095238,1.8748666666666667,1.8992380952380952,1.790895238095238,1.8335142857142857,1.8453190476190475,1.8987904761904761,1.8618714285714286
2020-09-01,1.8071227272727273,1.7896500000000002,1.8526454545454547,1.848590909090909,1.821390909090909,1.7948454545454546,1.8430681818181818,1.7172227272727272,1.7435181818181817,1.7746000000000002,1.8159545454545454,1.7733318181818183
2020-10-01,1.74995,1.7392863636363636,1.7970136363636364,1.7913454545454544,1.7667363636363638,1.7333727272727273,1.751690909090909,1.6857818181818183,1.702772727272727,1.7223636363636365,1.7764863636363637,1.7274727272727275
2020-11-01,1.7617714285714285,1.8194238095238096,1.8204809523809524,1.814242857142857,1.8370809523809524,1.7443619047619048,1.7648857142857142,1.7403857142857142,1.7880857142857143,1.7500428571428572,1.8590714285714287,1.8062761904761906
2020-12-01,1.8369739130434781,1.8611391304347824,1.9127391304347827,1.895595652173913,1.8917043478260869,1.8238043478260868,1.8351391304347826,1.8375391304347826,1.8347565217391304,1.8287695652173914,1.915595652173913,1.870695652173913
2021-01-01,2.0875142857142857,2.0270190476190475,2.158057142857143,2.1544095238095236,2.0588952380952383,2.0716857142857146,2.0971190476190475,2.025604761904762,2.005842857142857,2.0715761904761907,2.094257142857143,2.0320095238095237
2021-02-01,2.310695,2.184765,2.34737,2.37876,2.18152,2.296575,2.307875,2.243995,2.15799,2.2931250000000003,2.23955,2.18163
2021-03-01,2.5664565217391306,2.487317391304348,2.6134086956521743,2.630169565217391,2.4843782608695655,2.558195652173913,2.556926086956522,2.4858000000000002,2.436782608695652,2.548895652173913,2.5170478260869564,2.465195652173913
2021-04-01,2.6870363636363637,2.5953227272727273,2.730909090909091,2.758118181818182,2.6010500000000003,2.6681909090909093,2.6631545454545456,2.6008681818181816,2.5341363636363634,2.6453545454545453,2.6354545454545457,2.5651409090909087
2021-05-01,2.8469952380952384,2.783057142857143,2.8997238095238096,2.943619047619048,2.7810333333333332,2.8297285714285714,2.841947619047619,2.7542666666666666,2.724342857142857,2.800671428571429,2.8276285714285714,2.756047619047619
2021-06-01,2.9246045454545455,2.87355,2.98325,3.038886363636364,2.8843863636363634,2.8948954545454546,2.989418181818182,2.8310545454545455,2.817290909090909,2.867840909090909,2.9120863636363636,2.846118181818182
2021-07-01,2.976959090909091,2.9284409090909094,3.052154545454546,3.1123772727272727,2.941154545454545,2.940372727272727,3.0645454545454545,2.8949545454545453,2.89125,2.9282227272727273,2.9698909090909087,2.9008727272727275
2021-08-01,2.9629090909090907,2.9451636363636364,3.0429909090909093,3.1186681818181814,2.9768863636363636,2.9468363636363635,3.0671272727272725,2.8405045454545457,2.9195772727272726,2.9068863636363638,3.011181818181818,2.925390909090909
2021-09-01,2.9153409090909093,2.922909090909091,2.9885636363636365,3.0929863636363635,2.919531818181818,2.9041863636363634,3.0429500000000003,2.8041590909090908,2.8717545454545457,2.8703409090909093,2.9718636363636364,2.8885954545454546
2021-10-01,3.147433333333333,3.1999000000000004,3.2245761904761903,3.333552380952381,3.212966666666667,3.1377761904761905,3.2366904761904762,3.083533333333333,3.1660476190476188,3.112714285714286,3.2249666666666665,3.1768380952380952
2021-11-01,3.23805,3.238118181818182,3.3084454545454545,3.4271772727272722,3.2559954545454546,3.230677272727273,3.328195454545454,3.191290909090909,3.2167454545454546,3.2133545454545454,3.2674090909090907,3.2266727272727276
2021-12-01,3.073960869565217,3.0528565217391304,3.12875652173913,3.2825478260869563,3.099204347826087,3.055943478260869,3.1631826086956525,2.940339130434783,3.0219391304347822,3.0183521739130437,3.116295652173913,3.0368913043478263
2022-01-01,3.1419476190476194,3.0693666666666664,3.1913000000000005,3.361333333333333,3.1199619047619045,3.1203142857142856,3.2418714285714287,3.054657142857143,3.0306761904761905,3.0987523809523814,3.141104761904762,3.0590857142857146
2022-02-01,3.3806350000000003,3.283085,3.40961,3.60095,3.3264449999999997,3.35848,3.49262,3.31892,3.26252,3.3421250000000002,3.34203,3.27669
2022-03-01,4.325582608695652,4.14434347826087,4.335339130434782,4.519717391304348,4.184452173913043,4.322973913043478,4.493821739130435,3.8259,4.133382608695652,4.343526086956522,4.1426,4.1436
2022-04-01,4.078119047619047,3.9863666666666666,4.12112380952381,4.332780952380952,4.00372380952381,4.059123809523809,4.229190476190476,3.9062190476190475,3.9432619047619046,4.044461904761905,3.974385714285714,3.970485714285714
2022-05-01,4.527977272727273,4.559090909090909,4.636190909090909,4.773804545454546,4.578718181818181,4.533831818181818,4.670459090909091,4.422899999999999,4.525868181818182,4.492927272727273,4.566790909090909,4.5526409090909095
2022-06-01,4.67795,4.669486363636364,4.797322727272728,4.8814909090909095,4.702536363636363,4.664227272727273,4.805859090909091,4.5895363636363635,4.657781818181818,4.652268181818182,4.693859090909091,4.69975
2022-07-01,3.8583238095238093,3.7637714285714283,3.9425809523809527,4.058761904761904,3.7980619047619046,3.817757142857143,3.944752380952381,3.7462380952380956,3.7487095238095236,3.818219047619048,3.7816952380952378,3.7782714285714283
2022-08-01,3.6355782608695653,3.5584217391304347,3.710165217391304,3.8859521739130436,3.5892391304347826,3.5860391304347825,3.7241695652173914,3.5292347826086954,3.535830434782609,3.5998347826086956,3.5516521739130438,3.5586304347826085
2022-09-01,4.298486363636363,4.202504545454546,4.371127272727272,4.542972727272727,4.251372727272727,4.273081818181819,4.3623,4.192181818181818,4.23375,4.258754545454545,4.201627272727273,4.236018181818182
2022-10-01,3.8039857142857145,3.631809523809524,3.8359380952380953,4.015304761904762,3.7045238095238098,3.708504761904762,3.8845666666666667,3.4444761904761907,3.6738952380952377,3.7211047619047624,3.651047619047619,3.675704761904762
2022-11-01,3.4052545454545453,3.1573909090909087,3.4438045454545456,3.5198772727272725,3.191059090909091,3.3412636363636365,3.4686136363636364,3.087304545454545,3.1237090909090908,3.338677272727273,3.166518181818182,3.1597681818181815
2022-12-01,2.7381772727272726,2.5877454545454546,2.825286363636364,2.7954000000000003,2.597781818181818,2.709240909090909,2.7672636363636367,2.6322045454545453,2.5351227272727272,2.6786363636363637,2.582081818181818,2.555768181818182
2023-01-01,3.002177272727273,2.918218181818182,3.0771863636363634,3.017081818181818,2.9425045454545455,2.9537545454545455,2.987304545454545,2.9412136363636363,2.8926318181818185,2.9665545454545454,2.919454545454545,2.9037772727272726
2023-02-01,3.33245,3.16908,3.400855,3.3885449999999997,3.2018299999999997,3.341455,3.3606000000000003,3.2745849999999996,3.15534,3.342635,3.1705300000000003,3.16793
2023-03-01,3.3223608695652174,3.1881434782608693,3.372308695652174,3.3545,3.1957434782608694,3.266765217391304,3.3466565217391304,3.412613043478261,3.1543434782608695,3.2891347826086954,3.1668826086956523,3.182865217391304
2023-04-01,3.40163,3.25269,3.45736,3.44932,3.2517899999999997,3.33542,3.44254,3.36071,3.21243,3.3698,3.281445,3.225115
2023-05-01,3.3490826086956527,3.1888782608695654,3.417534782608696,3.380165217391304,3.1773217391304347,3.28434347826087,3.3675130434782607,3.3219695652173913,3.143839130434783,3.279086956521739,3.2340739130434786,3.1644826086956526
2023-06-01,3.4353545454545453,3.281077272727273,3.503495454545454,3.439586363636364,3.2426318181818186,3.313413636363636,3.4228272727272726,3.387709090909091,3.2222545454545455,3.2994045454545455,3.303522727272727,3.2436863636363635
2023-07-01,3.547604761904762,3.367057142857143,3.57812380952381,3.580252380952381,3.3516190476190477,3.442742857142857,3.557861904761905,3.502138095238095,3.321452380952381,3.4658476190476186,3.387638095238095,3.330238095238095
2023-08-01,3.758234782608696,3.653930434782609,3.7736043478260872,3.7851826086956524,3.6710217391304347,3.7328782608695654,3.7937826086956523,3.7474739130434784,3.6236391304347824,3.721260869565217,3.651004347826087,3.6421565217391305
2023-09-01,4.323914285714285,4.000709523809523,4.273804761904762,4.34842380952381,3.9997238095238097,4.287538095238095,4.301909523809524,4.398133333333333,3.9609761904761904,4.259076190476191,4.0026142857142855,3.9862904761904767
2023-10-01,3.414522727272727,3.1795454545454547,3.2716227272727276,3.424481818181818,3.191931818181818,3.3511363636363636,3.414468181818182,3.5609636363636366,3.1399863636363636,3.3621090909090907,3.1782954545454545,3.1641363636363637
2023-11-01,3.3545999999999996,3.053640909090909,3.147868181818182,3.3489136363636365,3.060386363636364,3.2742181818181817,3.306640909090909,3.478136363636364,3.048436363636364,3.2310727272727275,3.075377272727273,3.0568045454545456
2023-12-01,3.1361761904761907,2.949252380952381,2.9611619047619047,3.1258142857142857,2.9570809523809523,3.056723809523809,3.1048428571428572,3.371633333333333,2.9500142857142855,3.0565619047619044,2.969190476190476,2.9579761904761903
2024-01-01,3.0279956521739133,2.851673913043478,2.881604347826087,3.0332826086956524,2.8690434782608696,2.960073913043478,3.0068695652173916,3.2523695652173914,2.838526086956522,2.960321739130435,2.8821260869565215,2.861417391304348
2024-02-01,3.2704666666666666,2.985095238095238,3.1729,3.289361904761905,3.002214285714286,3.2824285714285715,3.2954809523809523,3.4048238095238097,2.976542857142857,3.260252380952381,3.017661904761905,2.982814285714286
2024-03-01,3.522790476190476,3.4854857142857143,3.4348238095238095,3.5306047619047622,3.505985714285714,3.512809523809524,3.5681238095238093,3.6637047619047616,3.472295238095238,3.492090476190476,3.505504761904762,3.481547619047619
2024-04-01,3.7602136363636363,3.820836363636364,3.730859090909091,3.7517409090909095,3.8463227272727276,3.744063636363636,3.7887454545454546,3.9126000000000003,3.837277272727273,3.7197454545454547,3.871318181818182,3.8383818181818183
2024-05-01,3.3404695652173912,3.3810304347826086,3.377630434782609,3.3674565217391303,3.402673913043478,3.315221739130435,3.340147826086956,3.439304347826087,3.3888434782608696,3.2294869565217392,3.438408695652174,3.4086043478260875
2024-06-01,3.0989,3.044175,3.129685,3.12107,3.074975,3.067435,3.07941,3.15423,3.037135,2.990525,3.084935,3.05517
2024-07-01,3.0171347826086956,3.014091304347826,3.0706956521739133,3.0400130434782606,3.0220521739130435,2.9880913043478263,2.997873913043478,3.1599173913043477,3.0065521739130436,2.8920260869565215,3.0365956521739133,3.016947826086956
2024-08-01,2.97925,3.0338999999999996,3.0476916666666667,2.9878583333333335,3.032925,2.9452083333333334,2.966833333333333,3.143216666666667,3.0314833333333335,2.8631166666666665,3.0521333333333334,3.0321166666666666
