date,all-urban cpi,california gas (retail) (nominal),national gas (retail) (nominal),la spot price (nominal),gulf spot price (nominal),ny spot price (nominal),uk brent (nominal),ca total gas sold,usa total gas sold,ca share of usa gas,average state tax excl. ca,ca state gas tax,federal gas tax,lcfs credit price,lcfs cost,ust fee,cax cost,carb cost premium,national retail excl. ca (nominal),price deflator,ca state.local tax rate,ca state.local tax cost,ca total fees and taxes,unexplained differential (nominal),explained differential (nominal),unexplained differential (real),explained differential (real)
1991-01-01,,,,,,,,,,,,,,,0.0,0.006,0.0,0.1,,,,,,,,,
1995-01-01,,,,,,,,,,,,,,,0.0,0.007,0.0,0.1,,,,,,,,,
1996-01-01,,,,,,,,,,,,,,,0.0,0.009,0.0,0.1,,,,,,,,,
1997-01-01,,,,,,,,,,,,,,,0.0,0.012,0.0,0.1,,,,,,,,,
2000-01-01,168.8,,1.329,,0.695,0.705,0.6073809523809525,,,,,,,,0.0,0.012,0.0,0.1,,0.5486379931810278,,,,,,,
2000-02-01,169.8,,1.415,,0.819,0.816,0.6614285714285715,,,,,,,,0.0,0.012,0.0,0.1,,0.5518882182591145,,,,,,,
2000-03-01,171.2,,1.556,,0.857,0.889,0.6545238095238095,,,,,,,,0.0,0.012,0.0,0.1,,0.5564385333684357,,,,,,,
2000-04-01,171.3,,1.506,,0.732,0.729,0.5419047619047619,,,,,,,,0.0,0.012,0.0,0.1,,0.5567635558762445,,,,,,,
2000-05-01,171.5,1.676,1.526,,0.896,0.888,0.6604761904761904,,,,,,,,0.0,0.012,0.0,0.1,,0.5574136008918618,,,,,,,
2000-06-01,172.4,1.669,1.666,,0.959,0.963,0.7095238095238096,,,,,,,,0.0,0.012,0.0,0.1,,0.5603388034621398,,,,,,,
2000-07-01,172.8,1.754,1.591,,0.829,0.859,0.6828571428571428,,,,,,,,0.0,0.012,0.0,0.1,,0.5616388934933745,,,,,,,
2000-08-01,172.8,1.72,1.506,,0.85,0.872,0.719047619047619,,,,,,,,0.0,0.012,0.0,0.1,,0.5616388934933745,,,,,,,
2000-09-01,173.7,1.869,1.588,,0.914,0.961,0.7890476190476191,,,,,,,,0.0,0.012,0.0,0.1,,0.5645640960636524,,,,,,,
2000-10-01,174.0,1.856,1.571,,0.879,0.948,0.7371428571428572,,,,,,,,0.0,0.012,0.0,0.1,,0.5655391635870785,,,,,,,
2000-11-01,174.1,1.811,1.557,,0.862,0.944,0.7749999999999999,,,,,,,,0.0,0.012,0.0,0.1,,0.5658641860948871,,,,,,,
2000-12-01,174.0,1.726,1.483,,0.72,0.737,0.6109523809523809,,,,,,,,0.0,0.012,0.0,0.1,,0.5655391635870785,,,,,,,
2001-01-01,175.1,1.646,1.487,,0.865,0.829,0.61,,,,,,,,0.0,0.012,0.0,0.1,,0.5691144111729737,,,,,,,
2001-02-01,175.8,1.682,1.49,,0.816,0.826,0.6547619047619048,,,,,,,,0.0,0.012,0.0,0.1,,0.5713895687276345,,,,,,,
2001-03-01,176.2,1.738,1.45,,0.771,0.785,0.5833333333333334,,,,,,,,0.0,0.012,0.0,0.1,,0.572689658758869,,,,,,,
2001-04-01,176.9,1.837,1.591,,1.001,0.947,0.6109523809523809,,,,,,,,0.0,0.012,0.0,0.1,,0.5749648163135297,,,,,,,
2001-05-01,177.7,1.993,1.738,,0.922,0.927,0.674047619047619,,,,,,,,0.0,0.012,0.0,0.1,,0.577564996375999,,,,,,,
2001-06-01,178.0,1.975,1.658,,0.729,0.72,0.6630952380952382,,,,,,,,0.0,0.012,0.0,0.1,,0.578540063899425,,,,,,,
2001-07-01,177.5,1.817,1.466,,0.674,0.683,0.5859523809523809,,,,,,,,0.0,0.012,0.0,0.1,,0.5769149513603817,,,,,,,
2001-08-01,177.5,1.608,1.461,,0.78,0.776,0.6114285714285714,,,,,,,,0.0,0.012,0.0,0.1,,0.5769149513603817,,,,,,,
2001-09-01,178.3,1.708,1.557,,0.745,0.761,0.61,,,,,,,,0.0,0.012,0.0,0.1,,0.579515131422851,,,,,,,
2001-10-01,177.7,1.592,1.357,,0.562,0.598,0.489047619047619,,,,,,,,0.0,0.012,0.0,0.1,,0.577564996375999,,,,,,,
2001-11-01,177.4,1.403,1.212,,0.501,0.517,0.4476190476190476,,,,,,,,0.0,0.012,0.0,0.1,,0.5765899288525731,,,,,,,
2001-12-01,176.7,1.204,1.127,,0.508,0.517,0.4454761904761904,,,,,,,,0.0,0.012,0.0,0.1,,0.5743147712979123,,,,,,,
2002-01-01,177.1,1.231,1.148,,0.538,0.544,0.4623809523809524,,,,,,,,0.0,0.012,0.0,0.1,,0.5756148613291471,,,,,,,
2002-02-01,177.8,1.319,1.155,,0.539,0.553,0.4828571428571429,,,,,,,,0.0,0.012,0.0,0.1,,0.5778900188838078,,,,,,,
2002-03-01,178.8,1.507,1.289,,0.714,0.698,0.5642857142857143,,,,,,,,0.0,0.012,0.0,0.1,,0.5811402439618945,,,,,,,
2002-04-01,179.8,1.657,1.439,,0.777,0.744,0.6126190476190476,,,,,,,,0.0,0.012,0.0,0.1,,0.584390469039981,,,,,,,
2002-05-01,179.8,1.617,1.434,,0.74,0.703,0.6035714285714286,,,,,,,,0.0,0.012,0.0,0.1,,0.584390469039981,,,,,,,
2002-06-01,179.9,1.633,1.424,,0.736,0.717,0.5733333333333333,,,,,,,,0.0,0.012,0.0,0.1,,0.5847154915477897,,,,,,,
2002-07-01,180.1,1.648,1.438,,0.756,0.766,0.6128571428571428,,,,,,,,0.0,0.012,0.0,0.1,,0.5853655365634071,,,,,,,
2002-08-01,180.7,1.637,1.438,,0.75,0.769,0.6345238095238095,,,,,,,,0.0,0.012,0.0,0.1,,0.587315671610259,,,,,,,
2002-09-01,181.0,1.627,1.441,,0.776,0.778,0.6761904761904761,,,,,,,,0.0,0.012,0.0,0.1,,0.588290739133685,,,,,,,
2002-10-01,181.3,1.579,1.486,,0.826,0.826,0.6557142857142857,,,,,,,,0.0,0.012,0.0,0.1,,0.589265806657111,,,,,,,
2002-11-01,181.3,1.624,1.461,,0.691,0.766,0.5795238095238096,,,,,,,,0.0,0.012,0.0,0.1,,0.589265806657111,,,,,,,
2002-12-01,180.9,1.585,1.429,,0.78,0.808,0.6745238095238095,,,,,,,,0.0,0.012,0.0,0.1,,0.5879657166258764,,,,,,,
2003-01-01,181.7,1.662,1.5,,0.879,0.879,0.7423809523809524,,,,,,,,0.0,0.012,0.0,0.1,,0.5905658966883457,,,,,,,
2003-02-01,183.1,1.853,1.655,,1.006,0.996,0.7802380952380953,,,,,,,,0.0,0.012,0.0,0.1,,0.5951162117976669,,,,,,,
2003-03-01,184.2,2.15,1.734,,0.963,0.955,0.7288095238095238,,,,,,,,0.0,0.012,0.0,0.1,,0.5986914593835623,,,,,,,
2003-04-01,183.8,2.092,1.633,,0.81,0.799,0.5952380952380952,,,,,,,,0.0,0.012,0.0,0.1,,0.5973913693523277,,,,,,,
2003-05-01,183.5,1.89,1.539,,0.783,0.76,0.6157142857142857,,,,,,,,0.0,0.012,0.0,0.1,,0.5964163018289017,,,,,,,
2003-06-01,183.7,1.809,1.533,1.072,0.826,0.808,0.6583333333333333,,,,,,,,0.0,0.012,0.0,0.1,,0.597066346844519,,,,,,,
2003-07-01,183.9,1.789,1.554,0.965,0.885,0.873,0.675,,,,,,,,0.0,0.012,0.0,0.1,,0.5977163918601364,,,,,,,
2003-08-01,184.6,1.913,1.661,1.315,0.982,1.007,0.7116666666666667,,,,,,,,0.0,0.012,0.0,0.1,,0.5999915494147969,,,,,,,
2003-09-01,185.2,2.068,1.721,0.949,0.81,0.903,0.6454761904761904,,,,,,,,0.0,0.012,0.0,0.1,,0.601941684461649,,,,,,,
2003-10-01,185.0,1.839,1.606,0.996,0.844,0.875,0.705,,,,,,,,0.0,0.012,0.0,0.1,,0.6012916394460317,,,,,,,
2003-11-01,184.5,1.74,1.555,1.02,0.82,0.882,0.6845238095238095,,,,,,,,0.0,0.012,0.0,0.1,,0.5996665269069883,,,,,,,
2003-12-01,184.3,1.681,1.522,0.959,0.853,0.885,0.7097619047619047,,,,,,,,0.0,0.012,0.0,0.1,,0.599016481891371,,,,,,,
2004-01-01,185.2,1.722,1.614,1.079,0.984,0.998,0.7447619047619047,,,,,,,,0.0,0.012,0.0,0.1,,0.601941684461649,,,,,,,
2004-02-01,186.2,1.914,1.69,1.344,1.027,1.047,0.7347619047619047,,,,,,,,0.0,0.012,0.0,0.1,,0.6051919095397356,,,,,,,
2004-03-01,187.4,2.143,1.778,1.323,1.09,1.091,0.8007142857142858,,,,,,,,0.0,0.012,0.0,0.1,,0.6090921796334396,,,,,,,
2004-04-01,188.0,2.185,1.839,1.426,1.149,1.119,0.7997619047619049,,,,,,,,0.0,0.012,0.0,0.1,,0.6110423146802916,,,,,,,
2004-05-01,189.1,2.298,2.023,1.649,1.335,1.344,0.8945238095238095,,,,,,,,0.0,0.012,0.0,0.1,,0.6146175622661869,,,,,,,
2004-06-01,189.7,2.322,2.013,1.457,1.171,1.153,0.8376190476190476,,,,,,,,0.0,0.012,0.0,0.1,,0.616567697313039,,,,,,,
2004-07-01,189.4,2.233,1.954,1.467,1.233,1.225,0.91,,,,,,,,0.0,0.012,0.0,0.1,,0.6155926297896129,,,,,,,
2004-08-01,189.5,2.131,1.92,1.388,1.177,1.206,1.0176190476190476,,,,,,,,0.0,0.012,0.0,0.1,,0.6159176522974216,,,,,,,
2004-09-01,189.9,2.115,1.912,1.481,1.239,1.261,1.0285714285714287,,,,,,,,0.0,0.012,0.0,0.1,,0.6172177423286563,,,,,,,
2004-10-01,190.9,2.376,2.042,1.642,1.348,1.377,1.1852380952380952,,,,,,,,0.0,0.012,0.0,0.1,,0.6204679674067429,,,,,,,
2004-11-01,191.0,2.35,2.023,1.404,1.237,1.267,1.0264285714285717,,,,,,,,0.0,0.012,0.0,0.1,,0.6207929899145516,,,,,,,
2004-12-01,190.3,2.143,1.887,1.185,1.034,1.068,0.9428571428571428,,,,,,,,0.0,0.012,0.0,0.1,,0.618517832359891,,,,,,,
2005-01-01,190.7,2.016,1.875,1.379,1.244,1.241,1.059761904761905,,,,,,,,0.0,0.013,0.0,0.1,,0.6198179223911255,,,,,,,
2005-02-01,191.8,2.163,1.953,1.545,1.233,1.224,1.0828571428571427,,,,,,,,0.0,0.013,0.0,0.1,,0.623393169977021,,,,,,,
2005-03-01,193.3,2.346,2.12,1.718,1.472,1.439,1.2642857142857142,,,,,,,,0.0,0.013,0.0,0.1,,0.628268507594151,,,,,,,
2005-04-01,194.6,2.596,2.285,1.829,1.541,1.48,1.2352380952380952,,,,,,,,0.0,0.013,0.0,0.1,,0.6324938001956636,,,,,,,
2005-05-01,194.4,2.52,2.205,1.6,1.41,1.371,1.1583333333333332,,,,,,,,0.0,0.013,0.0,0.1,,0.6318437551800462,,,,,,,
2005-06-01,194.5,2.41,2.198,1.745,1.521,1.509,1.2940476190476191,,,,,,,,0.0,0.013,0.0,0.1,,0.632168777687855,,,,,,,
2005-07-01,195.4,2.559,2.333,1.882,1.603,1.591,1.3695238095238096,,,,,,,,0.0,0.013,0.0,0.1,,0.6350939802581329,,,,,,,
2005-08-01,196.4,2.721,2.529,2.142,1.935,1.937,1.5233333333333332,,,,,,,,0.0,0.013,0.0,0.1,,0.6383442053362196,,,,,,,
2005-09-01,198.8,3.032,2.951,2.278,2.305,2.133,1.4978571428571428,,,,,,,,0.0,0.013,0.0,0.1,,0.6461447455236276,,,,,,,
2005-10-01,199.2,2.926,2.765,1.902,1.801,1.709,1.3938095238095238,,,,,,,,0.0,0.013,0.0,0.1,,0.6474448355548622,,,,,,,
2005-11-01,197.6,2.57,2.303,1.577,1.444,1.47,1.315238095238095,,,,,,,,0.0,0.013,0.0,0.1,,0.6422444754299235,,,,,,,
2005-12-01,196.8,2.319,2.229,1.606,1.565,1.6,1.3538095238095238,,,,,,,,0.0,0.013,0.0,0.1,,0.6396442953674543,,,,,,,
2006-01-01,198.3,2.424,2.36,1.873,1.693,1.735,1.4997619047619049,,,,,,,,0.0,0.014,0.0,0.1,,0.6445196329845843,,,,,,,
2006-02-01,198.7,2.54,2.326,1.73,1.537,1.499,1.4335714285714285,,,,,,,,0.0,0.014,0.0,0.1,,0.6458197230158188,,,,,,,
2006-03-01,199.8,2.624,2.468,2.0,1.832,1.765,1.4776190476190476,,,,,,,,0.0,0.014,0.0,0.1,,0.6493949706017142,,,,,,,
2006-04-01,201.5,2.925,2.787,2.448,2.16,2.135,1.672857142857143,,,,,,,,0.0,0.014,0.0,0.1,,0.6549203532344615,,,,,,,
2006-05-01,202.5,3.337,2.953,2.551,2.042,2.042,1.6614285714285717,,,,,,,,0.0,0.014,0.0,0.1,,0.6581705783125482,,,,,,,
2006-06-01,202.9,3.26,2.93,2.401,2.123,2.065,1.6323809523809525,,,,,,,,0.0,0.014,0.0,0.1,,0.6594706683437829,,,,,,,
2006-07-01,203.5,3.26,3.025,2.488,2.27,2.237,1.754047619047619,,,,,,,,0.0,0.014,0.0,0.1,,0.6614208033906348,,,,,,,
2006-08-01,203.9,3.212,2.999,2.19,2.001,2.038,1.7435714285714288,,,,,,,,0.0,0.014,0.0,0.1,,0.6627208934218695,,,,,,,
2006-09-01,202.9,2.937,2.606,1.782,1.56,1.583,1.4752380952380952,,,,,,,,0.0,0.014,0.0,0.1,,0.6594706683437829,,,,,,,
2006-10-01,201.8,2.593,2.293,1.686,1.51,1.506,1.3764285714285716,,,,,,,,0.0,0.014,0.0,0.1,,0.6558954207578875,,,,,,,
2006-11-01,201.5,2.508,2.275,1.797,1.563,1.588,1.399047619047619,,,,,,,,0.0,0.014,0.0,0.1,,0.6549203532344615,,,,,,,
2006-12-01,201.8,2.587,2.359,1.805,1.597,1.67,1.4873809523809522,,,,,,,,0.0,0.014,0.0,0.1,,0.6558954207578875,,,,,,,
2007-01-01,202.416,2.616,2.289,1.682,1.41,1.432,1.2780952380952382,,,,,,,,0.0,0.014,0.0,0.1,,0.6578975594059888,,,,,,,
2007-02-01,203.499,2.713,2.323,2.019,1.612,1.64,1.3704761904761906,,,,,,,,0.0,0.014,0.0,0.1,,0.6614175531655567,,,,,,,
2007-03-01,205.352,3.105,2.609,2.373,1.85,1.938,1.4773809523809522,,,,,,,,0.0,0.014,0.0,0.1,,0.6674402202352513,,,,,,,
2007-04-01,206.686,3.339,2.891,2.531,2.162,2.105,1.6069047619047618,,,,,,,,0.0,0.014,0.0,0.1,,0.671776020489419,,,,,,,
2007-05-01,207.949,3.485,3.187,2.572,2.305,2.245,1.600238095238095,,,,,,,,0.0,0.014,0.0,0.1,,0.6758810547630424,,,,,,,
2007-06-01,208.352,3.329,3.102,2.354,2.155,2.186,1.6916666666666669,,,,,,,,0.0,0.014,0.0,0.1,,0.6771908954695113,,,,,,,
2007-07-01,208.299,3.174,3.011,2.311,2.128,2.137,1.8316666666666668,,,,,,,,0.0,0.014,0.0,0.1,,0.6770186335403727,,,,,,,
2007-08-01,207.917,2.948,2.834,2.049,1.966,2.004,1.684761904761905,,,,,,,,0.0,0.014,0.0,0.1,,0.6757770475605436,,,,,,,
2007-09-01,208.49,2.922,2.849,2.208,2.111,2.102,1.8373809523809523,,,,,,,,0.0,0.014,0.0,0.1,,0.6776394265302873,,,,,,,
2007-10-01,208.936,3.112,2.853,2.394,2.121,2.169,1.9604761904761905,,,,,,,,0.0,0.014,0.0,0.1,,0.6790890269151139,,,,,,,
2007-11-01,210.177,3.394,3.128,2.559,2.359,2.424,2.2002380952380953,,,,,,,,0.0,0.014,0.0,0.1,,0.6831225562370195,,,,,,,
2007-12-01,210.036,3.353,3.07,2.45,2.275,2.33,2.165,,,,,,,,0.0,0.014,0.0,0.1,,0.6826642745010092,,,,,,,
2008-01-01,211.08,3.296,3.095,2.323,2.315,2.334,2.194761904761905,,,,,,,,0.0,0.014,0.0,0.1,,0.6860575094825317,,,,,,,
2008-02-01,211.693,3.231,3.078,2.609,2.408,2.381,2.2616666666666667,,,,,,,,0.0,0.014,0.0,0.1,,0.6880498974553988,,,,,,,
2008-03-01,213.528,3.609,3.293,2.783,2.562,2.504,2.467619047619048,,,,,,,,0.0,0.014,0.0,0.1,,0.6940140604736877,,,,,,,
2008-04-01,214.823,3.846,3.507,3.068,2.796,2.762,2.596904761904762,,,,,,,,0.0,0.014,0.0,0.1,,0.6982231019498101,,,,,,,
2008-05-01,216.632,4.015,3.815,3.311,3.107,3.098,2.9238095238095236,,,,,,,,0.0,0.014,0.0,0.1,,0.7041027591160688,,,,,,,
2008-06-01,218.815,4.531,4.105,3.694,3.284,3.292,3.15047619047619,,,,,,,,0.0,0.014,0.0,0.1,,0.7111980004615319,,,,,,,
2008-07-01,219.964,4.511,4.114,3.286,3.158,3.148,3.16,,,,,,,,0.0,0.014,0.0,0.1,,0.7149325090762535,,,,,,,
2008-08-01,219.086,4.128,3.833,3.072,2.937,2.897,2.696190476190476,,,,,,,,0.0,0.014,0.0,0.1,,0.7120788114576935,,,,,,,
2008-09-01,218.783,3.842,3.756,2.87,3.138,2.805,2.315,,,,,,,,0.0,0.014,0.0,0.1,,0.7110939932590332,,,,,,,
2008-10-01,216.573,3.44,3.112,2.125,1.786,1.92,1.7042857142857142,,,,,,,,0.0,0.014,0.0,0.1,,0.7039109958364618,,,,,,,
2008-11-01,212.425,2.507,2.208,1.268,1.204,1.283,1.2488095238095238,,,,,,,,0.0,0.014,0.0,0.1,,0.6904290622125583,,,,,,,
2008-12-01,210.228,1.871,1.745,1.11,0.93,0.956,0.9511904761904764,,,,,,,,0.0,0.014,0.0,0.1,,0.6832883177160018,,,,,,,
2009-01-01,211.143,2.051,1.84,1.457,1.148,1.146,1.0342857142857145,,,,,,,,0.0,0.014,0.0,0.1,,0.6862622736624512,,,,,,,
2009-02-01,212.193,2.265,1.975,1.547,1.195,1.216,1.0314285714285714,,,,,,,,0.0,0.014,0.0,0.1,,0.6896750099944422,,,,,,,
2009-03-01,212.709,2.239,2.011,1.473,1.288,1.288,1.108095238095238,,,,,,,,0.0,0.014,0.0,0.1,,0.6913521261347348,,,,,,,
2009-04-01,213.24,2.377,2.102,1.575,1.349,1.379,1.1947619047619047,,,,,,,,0.0,0.014,0.0,0.1,,0.6930779956511989,,,,,,,
2009-05-01,213.856,2.531,2.316,1.847,1.657,1.689,1.3642857142857143,,,,,,,,0.0,0.014,0.0,0.1,,0.6950801342993003,,,,,,,
2009-06-01,215.693,2.969,2.681,2.085,1.889,1.906,1.6335714285714285,,,,,,,,0.0,0.014,0.0,0.1,,0.7010507977677455,,,,,,,
2009-07-01,215.351,2.92,2.582,1.913,1.705,1.75,1.5342857142857145,,,,,,,,0.0,0.014,0.0,0.1,,0.6999392207910398,,,,,,,
2009-08-01,215.834,3.057,2.67,2.113,1.888,1.93,1.7264285714285716,,,,,,,,0.0,0.014,0.0,0.1,,0.7015090795037556,,,,,,,
2009-09-01,215.969,3.169,2.609,2.056,1.735,1.779,1.6107142857142858,,,,,,,,0.0,0.014,0.0,0.1,,0.7019478598892973,,,,,,,
2009-10-01,216.177,3.062,2.605,2.032,1.885,1.924,1.7326190476190475,,,,,,,,0.0,0.014,0.0,0.1,,0.7026239067055393,,,,,,,
2009-11-01,216.33,3.006,2.706,1.979,1.926,1.983,1.825238095238095,,,,,,,,0.0,0.014,0.0,0.1,,0.7031211911424867,,,,,,,
2009-12-01,215.949,2.964,2.663,2.014,1.887,1.919,1.772857142857143,,,,,,,,0.0,0.014,0.0,0.1,,0.7018828553877356,,,,,,,
2010-01-01,216.687,3.065,2.769,2.057,2.014,2.04,1.8135714285714288,,,,,,,,0.0,0.02,0.0,0.1,,0.7042815214953636,,,,,,,
2010-02-01,216.741,2.993,2.699,2.073,1.966,1.963,1.755952380952381,,,,,,,,0.0,0.02,0.0,0.1,,0.7044570336495803,,,,,,,
2010-03-01,217.631,3.104,2.824,2.257,2.137,2.14,1.876904761904762,,,,,,,,0.0,0.02,0.0,0.1,,0.7073497339690774,,,,,,,
2010-04-01,218.009,3.138,2.9,2.307,2.191,2.227,2.0195238095238093,,,,,0.18,,,0.0,0.02,0.0,0.1,,0.7085783190485941,,,,,,,
2010-05-01,218.178,3.136,2.89,2.115,1.989,2.019,1.8083333333333331,,,,,,,,0.0,0.02,0.0,0.1,,0.7091276070867908,,,,,,,
2010-06-01,217.965,3.134,2.785,2.255,1.969,2.014,1.78,,,,,,,,0.0,0.02,0.0,0.1,,0.7084353091451583,,,,,,,
2010-07-01,218.011,3.171,2.782,2.281,1.973,1.995,1.7995238095238095,,,,,0.353,,,0.0,0.02,0.0,0.1,,0.7085848194987503,,,,,,,
2010-08-01,218.312,3.186,2.783,2.178,1.928,1.943,1.8342857142857143,,,,,,,,0.0,0.02,0.0,0.1,,0.7095631372472544,,,,,,,
2010-09-01,218.439,3.064,2.757,2.069,1.95,1.969,1.8533333333333335,,,,,,,,0.0,0.02,0.0,0.1,,0.7099759158321713,,,,,,,
2010-10-01,218.711,3.146,2.853,2.259,2.071,2.164,1.9683333333333333,,,,,,,,0.0,0.02,0.0,0.1,,0.710859977053411,,,,,,,
2010-11-01,218.803,3.205,2.913,2.245,2.115,2.244,2.0304761904761905,,,,,,,,0.0,0.02,0.0,0.1,,0.7111589977605949,,,,,,,
2010-12-01,219.179,3.297,3.048,2.42,2.31,2.389,2.1773809523809526,,,,,,,,0.0,0.02,0.0,0.1,,0.7123810823899556,,,,,,,
2011-01-01,220.223,3.389,3.148,2.447,2.39,2.448,2.298095238095238,,,,,,,,0.0,0.02,0.0,0.1,,0.715774317371478,,,,,,,
2011-02-01,221.309,3.576,3.264,2.758,2.511,2.558,2.4695238095238095,,,,,,,,0.0,0.02,0.0,0.1,,0.7193040618062801,,,,,,,
2011-03-01,223.467,4.002,3.615,3.153,2.859,2.838,2.7295238095238097,,,,,,,,0.0,0.02,0.0,0.1,,0.7263180475247911,0.0325,0.12597094430992736,,,,,
2011-04-01,224.906,4.206,3.852,3.373,3.136,3.178,2.934761904761905,,,,,0.353,,,0.0,0.02,0.0,0.1,,0.7309951214121578,0.0325,0.13239225181598066,0.6053922518159807,,,,
2011-05-01,225.964,4.229,3.96,3.055,3.024,3.024,2.7378571428571425,,,,,,,,0.0,0.02,0.0,0.1,,0.7344338595447735,0.0325,0.13311622276029056,,,,,
2011-06-01,225.722,3.965,3.735,2.861,2.789,2.835,2.710238095238095,,,,,,,,0.0,0.02,0.0,0.1,,0.7336473050758765,0.0325,0.12480629539951574,,,,,
2011-07-01,225.922,3.844,3.705,2.948,2.975,3.021,2.785,,,,,0.357,,,0.0,0.02,0.0,0.1,,0.7342973500914939,0.0325,0.12099757869249395,0.5979975786924939,,,,
2011-08-01,226.545,3.823,3.696,2.839,2.801,2.835,2.624285714285714,,,,,,,,0.0,0.02,0.0,0.1,,0.7363222403151418,0.0325,0.12033656174334141,,,,,
2011-09-01,226.889,3.971,3.667,2.917,2.692,2.768,2.6864285714285714,,,,,,,,0.0,0.02,0.0,0.1,,0.7374403177420037,0.0325,0.12499515738498791,,,,,
2011-10-01,226.421,3.89,3.506,2.949,2.689,2.772,2.6083333333333334,,,,,,,,0.0,0.02,0.0,0.1,,0.7359192124054591,0.0325,0.12244552058111381,,,,,
2011-11-01,226.23,3.848,3.443,2.737,2.539,2.629,2.637380952380952,,,,,,,,0.0,0.02,0.0,0.1,,0.7352984194155445,0.0325,0.12112348668280871,,,,,
2011-12-01,225.672,3.648,3.326,2.702,2.544,2.634,2.568333333333334,,,,,,,,0.0,0.02,0.0,0.1,,0.7334847938219722,0.0325,0.11482808716707023,,,,,
2012-01-01,226.665,3.747,3.44,2.92,2.777,2.822,2.6354761904761905,1166817280.0,10807964672.0,0.1079590205381455,0.0,0.357,,,0.0,0.02,0.0,0.1,3.4028454072533694,0.7367122673245122,0.0325,0.11794430992736078,0.5949443099273608,-0.2507897171807305,0.594944309927361,-0.3404174578109216,0.8075667208420404
2012-02-01,227.663,4.027,3.64,3.302,2.999,3.044,2.841190476190476,1156427904.0,10597553152.0,0.1091221612586822,0.0,0.357,,,0.0,0.02,0.0,0.1,3.5925970064910637,0.7399559919524428,0.0325,0.1267578692493947,0.6037578692493947,-0.16935487574045816,0.6037578692493946,-0.22887155125752756,0.8159375365774433
2012-03-01,229.392,4.414,3.907,3.383,3.169,3.167,2.986904761904762,1239604480.0,11173861376.0,0.1109378788842422,0.0,0.357,,,0.0,0.02,0.0,0.1,3.843736136588832,0.7455756311124545,0.0325,0.13893946731234866,0.6159394673123486,-0.045675603901181194,0.6159394673123488,-0.06126220063419962,0.8261260717350983
2012-04-01,230.085,4.292,3.958,3.25,3.101,3.206,2.8511904761904763,1188732800.0,11118073856.0,0.1069189515554878,0.0,0.357,,,0.0,0.02,0.0,0.1,3.918013786115235,0.7478280370915686,0.0325,0.13509927360774818,0.6120992736077482,-0.23811305972298324,0.6120992736077482,-0.3184061681466848,0.8185027081738031
2012-05-01,229.815,4.353,3.791,3.234,2.78,2.877,2.6271428571428572,1279634688.0,11633747968.0,0.1099933307408572,0.0,0.357,,,0.0,0.02,0.0,0.1,3.7215440576891194,0.7469504763204852,0.0325,0.13701937046004842,0.6140193704600484,0.017436571850832028,0.6140193704600483,0.02334367860199439,0.8220349138603378
2012-06-01,229.478,4.133,3.596,2.626,2.516,2.602,2.2657142857142856,1230703232.0,11616503808.0,0.1059443746880576,0.0,0.357,,,0.0,0.02,0.0,0.1,3.532366230918085,0.7458551504691701,0.0325,0.1300944309927361,0.6070944309927361,-0.006460661910821397,0.6070944309927362,-0.008662086608582652,0.8139575500830848
2012-07-01,229.104,3.821,3.498,2.819,2.645,2.747,2.443333333333334,1231966976.0,11586661376.0,0.106326312301819,0.0,0.36,,,0.0,0.02,0.0,0.1,3.459570538165955,0.7446395662899656,0.0325,0.12027360774818403,0.600273607748184,-0.23884414591413883,0.6002736077481838,-0.3207513496820178,0.8061263931205542
2012-08-01,230.379,4.109,3.78,3.129,2.968,3.022,2.699047619047619,1258493952.0,12004593664.0,0.1048343648460203,0.0,0.36,,,0.0,0.02,0.0,0.1,3.741470252342285,0.7487836032645261,0.0325,0.12933898305084746,0.6093389830508474,-0.24180923539313248,0.6093389830508475,-0.32293607170202343,0.8137718032209417
2012-09-01,231.407,4.211,3.91,3.162,3.034,3.27,2.6871428571428573,1194183552.0,11076499456.0,0.1078123604613302,0.0,0.36,,,0.0,0.02,0.0,0.1,3.873627022993011,0.7521248346447992,0.0325,0.1325496368038741,0.6125496368038741,-0.27517665979688477,0.6125496368038741,-0.3658656743156747,0.814425489743546
2012-10-01,231.317,4.458,3.812,3.135,2.778,2.975,2.6597619047619045,1221467904.0,11398913024.0,0.107156524611447,0.0,0.36,,,0.0,0.02,0.0,0.1,3.7344689245011615,0.7518323143877714,0.0325,0.14032445520581116,0.6203244552058111,0.10320662029302774,0.6203244552058109,0.13727345621885176,0.8250835237255673
2012-11-01,230.221,3.893,3.521,2.792,2.522,2.817,2.5966666666666667,1163315840.0,11017490432.0,0.1055880962347996,0.0,0.36,,,0.0,0.02,0.07973118,0.1,3.477084247499397,0.7482700677021884,0.0325,0.12253995157384988,0.6822711315738499,-0.2663553790732469,0.6822711315738497,-0.35596155795885237,0.911797973783703
2012-12-01,229.601,3.628,3.381,2.615,2.475,2.727,2.6069047619047616,1194341888.0,11102287872.0,0.1075761952644133,0.0,0.36,,,0.0,0.02,0.07973118,0.1,3.3512256707078953,0.7462549281537747,0.0325,0.11419854721549638,0.6739297272154964,-0.3971553979233917,0.6739297272154965,-0.5321980236779799,0.9030824478208676
2013-01-01,230.28,3.678,3.391,2.9,2.669,2.852,2.689523809523809,1170849280.0,10718372864.0,0.1092375955619675,0.2180958931145423,0.36,0.184,22.0,0.0,0.02,0.07973118,0.1,3.3558040939199003,0.7484618309817955,0.0325,0.115772397094431,0.675503577094431,-0.135211777899789,0.4574076839798886,-0.18065287006342703,0.6111302741782886
2013-02-01,232.166,4.127,3.736,3.332,2.922,3.053,2.763095238095238,1099319168.0,10097195008.0,0.1088737186049205,0.216542828334483,0.36,0.184,27.0,0.0,0.02,0.1076252399999999,0.1,3.6882294147717425,0.754591755479067,0.0325,0.12990556900726394,0.7175308090072638,-0.06221739544452376,0.500987980672781,-0.08245172968398502,0.6639192345200211
2013-03-01,232.773,4.192,3.779,3.029,2.901,2.914,2.5826190476190476,1241055232.0,11334239232.0,0.1094961211420458,0.2147808061177719,0.36,0.184,34.0,0.0,0.02,0.1076252399999999,0.1,3.728217629360963,0.7565646421014656,0.0325,0.13195157384987896,0.7195768138498788,-0.04101363709306982,0.5047960077321072,-0.054210354027580024,0.6672212520135288
2013-04-01,232.531,4.031,3.638,2.906,2.685,2.706,2.4345238095238093,1210078464.0,11221725184.0,0.1078335500253861,0.2172883818258512,0.36,0.184,35.0,0.0,0.02,0.1076252399999999,0.1,3.5904992391709163,0.7557780876325686,0.0325,0.12688377723970945,0.7145090172397093,-0.056719874584774566,0.49722063541385797,-0.0750483184322614,0.6578923675484863
2013-05-01,232.945,4.051,3.675,2.999,2.708,2.742,2.441904761904762,1261850240.0,11553013760.0,0.1092226034014521,0.217778867557683,0.36,0.184,45.0,0.0,0.02,0.1106279999999999,0.1,3.6288967883157297,0.7571236808148964,0.0325,0.1275133171912833,0.7181413171912832,-0.07825923794932965,0.5003624496336001,-0.10336387558912277,0.6608728036284075
2013-06-01,233.504,4.05,3.689,3.021,2.688,2.74,2.4504761904761905,1217494528.0,11880089600.0,0.1024819314494059,0.2176942885322288,0.36,0.184,51.0,0.0,0.02,0.1106279999999999,0.1,3.6477796852792275,0.7589405566335469,0.0325,0.1274818401937046,0.7181098401937045,-0.09819523694070353,0.5004155516614759,-0.12938462186850416,0.6593606670345602
2013-07-01,233.596,4.056,3.661,3.047,2.853,2.924,2.569761904761905,1242738176.0,11619631104.0,0.1069516032718279,0.2174841134000104,0.395,0.184,58.0,0.0,0.02,0.1106279999999999,0.1,3.6136947437035363,0.7592395773407309,0.0325,0.12767070217917675,0.7532987021791766,-0.09350933248270232,0.5358145887791661,-0.12316182569173062,0.7057253135510659
2013-08-01,233.877,3.919,3.645,2.825,2.861,2.933,2.6495238095238096,1277636864.0,11902529536.0,0.1073416251676336,0.2183115825929019,0.395,0.184,67.0,0.0,0.02,0.09656244,0.1,3.6120516671045015,0.7601528905876732,0.0325,0.1233583535108959,0.7349207935108959,-0.20966087802249556,0.516609210917994,-0.27581409032123394,0.6796122428984045
2013-09-01,234.149,3.989,3.604,2.907,2.604,2.797,2.657142857142857,1197089024.0,11285336064.0,0.1060747342579093,0.2182554035449296,0.395,0.184,54.0,0.0,0.02,0.09656244,0.1,3.5583152271735012,0.7610369518089128,0.0325,0.12556174334140435,0.7371241833414044,-0.08818400696997619,0.5188687797964748,-0.11587348913922137,0.6817918348947088
2013-10-01,233.546,3.829,3.42,2.761,2.49,2.685,2.597142857142857,1243933824.0,11570569216.0,0.1075084380706063,0.2175012913393857,0.395,0.184,63.0,0.0,0.02,0.09656244,0.1,3.370732362022761,0.7590770660868265,0.0325,0.12052542372881357,0.7320878637288136,-0.056318934412188604,0.5145865723894278,-0.07419396123047486,0.6779108411774454
2013-11-01,233.069,3.641,3.322,2.651,2.451,2.673,2.5664285714285717,1173282688.0,11310467072.0,0.1037342384298663,0.2171636379067879,0.395,0.184,71.0,0.0,0.02,0.09071496,0.1,3.2850787836844777,0.7575267087245792,0.0325,0.11460774818401938,0.7203227081840194,-0.14723785396170896,0.5031590702772313,-0.19436655139144612,0.664212976892105
2013-12-01,233.049,3.642,3.357,2.685,2.52,2.736,2.6371428571428575,1217977856.0,11263754240.0,0.1081324956180862,0.2187041085752457,0.395,0.184,79.0,0.0,0.02,0.09071496,0.1,3.3224458077015466,0.7574617042230175,0.0325,0.11463922518159807,0.7203541851815981,-0.18209588430789925,0.5016500766063525,-0.24040276002426814,0.6622778073261549
2014-01-01,233.916,3.666,3.392,2.628,2.548,2.672,2.5742857142857143,1175169024.0,10847197184.0,0.1083384955639431,0.2210811959233765,0.395,0.184,51.0,0.0,0.014,0.09071496,0.1,3.3587085013350495,0.7602796493657186,0.0325,0.11539467312348668,0.7151096331234867,-0.1867369385351596,0.49402843720011,-0.2456161212403217,0.6497983177798656
2014-02-01,234.781,3.726,3.434,2.869,2.695,2.795,2.592857142857143,1109843072.0,10109021184.0,0.1097873920530108,0.2214395371574515,0.395,0.184,48.0,0.0,0.014,0.09071496,0.1,3.3979884695034697,0.7630910940582636,0.0325,0.11728329297820823,0.7169982529782083,-0.16754718532422652,0.49555871582075683,-0.2195638065085765,0.649409644116381
2014-03-01,236.293,3.984,3.606,2.894,2.714,2.753,2.559047619047619,1247378688.0,11453375488.0,0.1089092634138216,0.2196159487494735,0.395,0.184,54.0,0.0,0.014,0.09071496,0.1,3.559800774847979,0.7680054343763306,0.0325,0.1254043583535109,0.725119318353511,-0.08130414445201684,0.5055033696040376,-0.10586402232692661,0.6582028550547153
2014-04-01,237.072,4.21,3.735,3.169,2.801,2.896,2.565714285714286,1211499904.0,11194895360.0,0.1082189573945245,0.2214854603044256,0.395,0.184,44.0,0.0,0.014,0.09071496,0.1,3.677358042718407,0.7705373597121601,0.0325,0.13251815980629542,0.7322331198062955,0.021894297779723182,0.5107476595018698,0.028414323463695462,0.6628460684796171
2014-05-01,237.9,4.22,3.75,3.036,2.762,2.862,2.6080952380952382,1274631936.0,11856942080.0,0.1075008992537813,0.2230284070352647,0.395,0.184,33.0,0.0,0.014,0.090873,0.1,3.6933888251461173,0.7732285460768159,0.0325,0.13283292978208233,0.7327059297820823,0.0169336521070651,0.5096775227468173,0.021899931388956812,0.6591550781884659
2014-06-01,238.343,4.163,3.766,3.116,2.849,2.896,2.6619047619047618,1221370496.0,11983460352.0,0.1019213532755718,0.2222029223823123,0.395,0.184,42.0,0.0,0.014,0.090873,0.1,3.720945173902105,0.7746683957864082,0.0325,0.13103874092009687,0.7309117409200968,-0.06665399243988945,0.5087088185377846,-0.08604196686277016,0.6566794531760476
2014-07-01,238.25,4.11,3.688,2.908,2.713,2.802,2.5421428571428573,1252074752.0,12042038272.0,0.103975317443668,0.2214705781412491,0.36,0.184,28.0,0.0,0.014,0.090873,0.1,3.6390308311641077,0.7743661248541461,0.0325,0.12937046004842617,0.6942434600484261,-0.001803713071284463,0.47277288190717703,-0.002329276828353251,0.6105288786957527
2014-08-01,237.852,3.961,3.565,2.808,2.631,2.705,2.4192857142857145,1285849600.0,11980281856.0,0.1073304965154903,0.2240962628729432,0.36,0.184,29.0,0.0,0.014,0.090873,0.1,3.517386771975266,0.7730725352730677,0.0325,0.12468038740920097,0.6895533874092009,-0.02184389651152374,0.46545712453625754,-0.02825594690646713,0.6020872599902245
2014-09-01,238.031,3.821,3.484,2.719,2.605,2.721,2.3116666666666665,1223680128.0,11503586304.0,0.1063737947160447,0.2216365565199308,0.36,0.184,26.0,0.0,0.014,0.090873,0.1,3.4438848281223846,0.7736543255620452,0.0325,0.12027360774818403,0.685146607748184,-0.08639487935063794,0.4635100512282535,-0.1116711643638439,0.5991177660533628
2014-10-01,237.433,3.585,3.255,2.338,2.179,2.398,2.081666666666667,1272073728.0,11770690560.0,0.1080712912735002,0.2215265370581365,0.36,0.184,26.0,0.0,0.014,0.090873,0.1,3.2150152727776016,0.7717106909653494,0.0325,0.1128450363196126,0.6777180363196126,-0.08620677203907778,0.4561914992614762,-0.11170866627652895,0.5911431636262762
2014-11-01,236.151,3.234,2.997,2.024,1.937,2.165,1.8914285714285717,1195259520.0,11433635840.0,0.1045388830575174,0.2217294012961202,0.36,0.184,26.0,0.0,0.014,0.0956141999999999,0.1,2.9693318915630558,0.7675439024152423,0.0325,0.10179661016949153,0.6714108101694914,-0.18501330043642694,0.44968140887337116,-0.2410458865665439,0.5858706029171122
2014-12-01,234.812,2.916,2.632,1.508,1.423,1.683,1.4842857142857144,1249037440.0,11778553856.0,0.1060433611180323,0.222351527662567,0.36,0.184,26.0,0.0,0.014,0.0956141999999999,0.1,2.598311213265124,0.7631918510356843,0.0325,0.09178692493946732,0.6614011249394672,-0.1213608105420243,0.4390495972769002,-0.1590174349704238,0.5752807720379757
2015-01-01,233.707,2.596,2.208,1.301,1.271,1.364,1.137142857142857,1217054976.0,11198457856.0,0.1086805872424582,0.2353244120751599,0.36,0.184,25.0,0.0,0.02,0.0956141999999999,0.1,2.160690284485541,0.7596003523243985,0.0325,0.08171428571428573,0.6573284857142856,0.01330564187533323,0.42200407363912573,0.017516634681141986,0.5555606607445367
2015-02-01,234.722,2.756,2.301,1.942,1.603,1.607,1.3833333333333333,1148825088.0,10471235584.0,0.1097124669561822,0.234525943177411,0.36,0.184,24.0,0.0,0.02,0.09648342,0.1,2.2449291570281873,0.7628993307786565,0.0325,0.0867506053268765,0.6632340253268765,0.08236276082234717,0.4287080821494653,0.10796019540125074,0.5619458096940557
2015-03-01,236.119,3.388,2.546,2.017,1.678,1.644,1.3307142857142855,1288573312.0,11630093312.0,0.1107964723439013,0.2349130803017134,0.36,0.184,23.0,0.0,0.02,0.09648342,0.1,2.441085178126233,0.7674398952127435,0.0325,0.10664406779661018,0.6831274877966101,0.49870041437887025,0.4482144074948966,0.6498234161264506,0.5840384508165897
2015-04-01,236.599,3.261,2.555,2.154,1.734,1.793,1.4171428571428573,1256810752.0,11657066496.0,0.1078153540971273,0.234660347813541,0.36,0.184,22.0,0.0,0.02,0.09648342,0.1,2.4696839834757047,0.7690000032502251,0.0325,0.10264648910411624,0.6791299091041162,0.34684645523372026,0.44446956129057513,0.451035700608261,0.5779838223823116
2015-05-01,237.805,3.804,2.802,2.472,1.884,1.938,1.5257142857142856,1279627264.0,11967930368.0,0.1069213493605781,0.2362961353545871,0.36,0.184,22.0,0.0,0.02,0.0971155799999999,0.1,2.6820383460263066,0.7729197746943977,0.0325,0.11973849878934625,0.6968540787893461,0.6614037105389339,0.4605579434347593,0.8557210362491298,0.5958677194109283
2015-06-01,238.638,3.596,2.885,2.187,1.945,2.005,1.4638095238095237,1264319872.0,12257901568.0,0.1031432553921451,0.234227583524261,0.36,0.184,28.0,0.0,0.02,0.0971155799999999,0.1,2.803231250392302,0.7756272121844439,0.0325,0.11319128329297821,0.6903068632929781,0.3366894698389813,0.456079279768717,0.43408671659513237,0.588013510361807
2015-07-01,238.654,3.812,2.88,2.663,1.86,1.86,1.346666666666667,1279316608.0,12452092928.0,0.1027390829314569,0.2355783494311029,0.3,0.184,44.0,0.0,0.02,0.0971155799999999,0.1,2.7732831872305845,0.7756792157856932,0.0325,0.11999031476997579,0.6371058947699757,0.6371892674305424,0.4015275453388729,0.8214597664385361,0.5176463893417096
2015-08-01,238.316,3.594,2.726,2.075,1.574,1.62,1.1076190476190475,1317483904.0,12528926720.0,0.1051553683283096,0.2360521162793371,0.3,0.184,57.0,0.0,0.02,0.0989330399999999,0.1,2.623999209607528,0.7745806397092999,0.0325,0.11312832929782082,0.6320613692978208,0.5739915373739883,0.39600925301848333,0.7410352233815285,0.5112563272522608
2015-09-01,237.945,3.175,2.462,1.715,1.353,1.46,1.1338095238095238,1264803456.0,11836696576.0,0.1068544291795488,0.2356960621043376,0.3,0.184,64.0,0.0,0.02,0.0989330399999999,0.1,2.3766978829721657,0.7733748062053297,0.0325,0.09993946731234866,0.6188725073123486,0.41512567181982307,0.3831764452080111,0.5367716513247884,0.4954602117026791
2015-10-01,237.838,2.945,2.387,1.669,1.307,1.397,1.1530952380952382,1305813504.0,12217915392.0,0.1068769476710417,0.2360884252384568,0.3,0.184,60.0,0.0,0.02,0.0989330399999999,0.1,2.320226069302626,0.7730270321219744,0.0325,0.0926997578692494,0.6116327978692493,0.2492295580665811,0.37554437263079254,0.3224072997582517,0.48581014249904797
2015-11-01,237.336,2.819,2.26,1.507,1.246,1.377,1.0540476190476191,1225432064.0,11403098112.0,0.1074648356055467,0.2335422964111351,0.3,0.184,86.0,0.0,0.02,0.10059246,0.1,2.192694144163768,0.771395419132775,0.0325,0.08873365617433415,0.6093261161743342,0.2505220360730327,0.3757838197631993,0.32476474433135316,0.48714810905367617
2015-12-01,236.525,2.776,2.144,1.647,1.181,1.276,0.905,1271902208.0,11894025216.0,0.10693622931697,0.2342518727569204,0.3,0.184,96.0,0.0,0.02,0.10059246,0.1,2.068323772672319,0.7687594865944467,0.0325,0.08738014527845037,0.6079726052784503,0.33395549480615117,0.3737207325215297,0.4344082910580418,0.4861347912298132
2016-01-01,236.916,2.823,2.057,1.32,1.021,1.121,0.7309523809523809,1222466688.0,11383187456.0,0.107392300506801,0.2458850193591521,0.3,0.184,105.0,0.0228423258,0.02,0.10059246,0.1,1.9648402502746547,0.7700303245999786,0.0325,0.08885956416464892,0.632294349964649,0.4717504191198487,0.38640933060549654,0.6126387546684182,0.5018105368853253
2016-02-01,237.111,2.477,1.872,0.97,0.936,1.058,0.7661904761904762,1226620416.0,11223357440.0,0.1092917536091588,0.2454079218252979,0.3,0.184,122.0,0.02654060712,0.02,0.10059246,0.1,1.7977652422086963,0.7706641184902054,0.0325,0.07796852300242131,0.6251015901224213,0.2995410894941801,0.3796936682971235,0.3886791694428512,0.4926837245789705
2016-03-01,238.132,2.679,2.071,1.528,1.214,1.201,0.9097619047619048,1301398016.0,12012308480.0,0.1083387109286091,0.2458251079843846,0.3,0.184,116.0,0.02523533136,0.02,0.10059246,0.1,1.9971267287792727,0.773982598294932,0.0325,0.08432687651331719,0.6301546678733172,0.29754371133179447,0.3843295598889327,0.38443204277108717,0.49656098307068264
2016-04-01,239.261,2.822,2.216,1.551,1.337,1.448,0.99,1279593984.0,11856108544.0,0.1079269795187192,0.2474017603868297,0.3,0.184,119.0,0.02588796924,0.02,0.10059246,0.1,2.1426834125831338,0.7776521024080918,0.0325,0.08882808716707023,0.6353085164070702,0.2914098313966258,0.3879067560202405,0.3747303331325676,0.4988178580357994
2016-05-01,240.229,2.855,2.371,1.53,1.434,1.566,1.112857142857143,1324240384.0,12379592704.0,0.1069696245799848,0.2475795982503086,0.3,0.184,119.0,0.02588796924,0.02,0.10059246,0.1,2.3130251542145337,0.7807983202836797,0.0325,0.08986682808716707,0.636347257327167,0.15320718670860778,0.3887676590768585,0.1962186428025928,0.4979104705753099
2016-06-01,241.018,2.93,2.467,1.642,1.487,1.506,1.1488095238095235,1298020992.0,12524546048.0,0.1036381667667129,0.2466557065864455,0.3,0.184,112.0,0.02436514752,0.02,0.10059246,0.1,2.413467520777963,0.78336274787029,0.0325,0.09222760290556901,0.6371852104255691,0.12600297538291372,0.39052950383912366,0.16084882224164354,0.49852958275185677
2016-07-01,240.628,2.911,2.345,1.412,1.358,1.354,1.0702380952380952,1332313472.0,12296238080.0,0.1083513073943343,0.2451882788749858,0.278,0.184,92.0,0.02001422832,0.02,0.10059246,0.1,2.2762208490925078,0.7820951600898361,0.0325,0.09162953995157386,0.6102362282715739,0.26973120151090413,0.36504794939658813,0.3448828419804071,0.46675643582125803
2016-08-01,240.849,2.745,2.284,1.388,1.429,1.379,1.0914285714285714,1365010560.0,12632452096.0,0.1080558667174541,0.2443731269504539,0.278,0.184,75.0,0.016315947,0.02,0.10059246,0.1,2.228151485840911,0.7828134598320934,0.0325,0.0864043583535109,0.601312765353511,0.15990887575603208,0.356939638403057,0.20427456087728885,0.45597023648471424
2016-09-01,241.428,2.803,2.327,1.552,1.393,1.438,1.108809523809524,1290003712.0,12097091584.0,0.1066375089452245,0.2469346366667395,0.278,0.184,98.4,0.021406522464,0.02,0.10059246,0.1,2.270181569893318,0.7846953401523056,0.0325,0.08823002421307506,0.6082290066770751,0.17152406009634635,0.3612943700103357,0.21858682130450063,0.4604262973451712
2016-10-01,241.729,2.862,2.359,1.619,1.489,1.522,1.1790476190476191,1320433792.0,12402317312.0,0.106466699632205,0.2507239149741995,0.278,0.184,89.0,0.01936159044,0.02,0.10059246,0.1,2.2990663076653597,0.7856736579008097,0.0325,0.09008716707021792,0.608041217510218,0.20561638979862185,0.35731730253601857,0.2617071194011963,0.4547909923449787
2016-11-01,241.353,2.788,2.295,1.434,1.317,1.462,1.065,1251787520.0,11980549120.0,0.1044849870787892,0.2499660879806446,0.278,0.184,100.0,0.021754596,0.02,0.10059246,0.1,2.237478799476726,0.7844515732714491,0.0325,0.08775786924939467,0.6081049252493947,0.19238236325452363,0.3581388372687502,0.24524440999234537,0.45654677671839017
2016-12-01,241.432,2.738,2.366,1.5,1.566,1.634,1.2692857142857144,1295804544.0,12110314496.0,0.1070000737328498,0.2477820676015402,0.278,0.184,89.0,0.01936159044,0.02,0.10059246,0.1,2.321426617340266,0.7847083410526179,0.0325,0.08618401937046005,0.6041380698104601,0.060217380450814595,0.3563560022089196,0.07673855023643335,0.4541254164966554
2017-01-01,242.839,2.848,2.458,1.612,1.593,1.62,1.2995238095238095,1229367936.0,11322939392.0,0.1085732152614528,0.2629179153888984,0.278,0.184,90.0,0.034994106,0.02,0.10059246,0.1,2.410499123117121,0.7892814077374858,0.0325,0.08964648910411623,0.6232330551041162,0.07718573716766075,0.360315139715218,0.09779241777519819,0.4565103601617567
2017-02-01,243.603,2.946,2.416,1.756,1.543,1.547,1.3064285714285713,1162331136.0,10800999424.0,0.1076132948787388,0.2624078654957369,0.278,0.184,93.0,0.0361605762,0.02,0.1072301399999999,0.1,2.352087073061021,0.7917645796971441,0.0325,0.0927312348668281,0.634121951066828,0.22219884136788837,0.371714085571091,0.28063751153516,0.4694755172216398
2017-03-01,243.801,3.059,2.437,1.72,1.523,1.492,1.2283333333333335,1345472128.0,12128477184.0,0.1109349597305554,0.2628968015803265,0.278,0.184,93.0,0.0361605762,0.02,0.1072301399999999,0.1,2.3593886421948453,0.7924081242626052,0.0325,0.09628813559322034,0.6376788517932203,0.32482930759226125,0.37478205021289357,0.40992677592060167,0.4729659360341064
2017-04-01,244.524,3.067,2.528,1.777,1.621,1.611,1.2454761904761906,1287544704.0,12025694208.0,0.1070661436861974,0.2642743343100079,0.278,0.184,87.0,0.0338276358,0.02,0.1072301399999999,0.1,2.463371863169023,0.7947580369940619,0.0325,0.0965399515738499,0.6355977273738498,0.2323047437671355,0.37132339306384177,0.29229618695742887,0.4672156502729599
2017-05-01,244.733,3.101,2.503,1.746,1.519,1.54,1.1983333333333333,1356448640.0,12565569536.0,0.1079496346038126,0.2628853493521139,0.278,0.184,80.0,0.031105872,0.02,0.1090476,0.1,2.430634263717375,0.795437334035382,0.0325,0.09761016949152543,0.6357636414915255,0.29748744414321315,0.3728782921394118,0.37399230764541985,0.46877142445369024
2017-06-01,244.955,3.08,2.46,1.619,1.432,1.445,1.104047619047619,1320833536.0,12666085376.0,0.1042811173926513,0.2631227685162326,0.278,0.184,77.0,0.0299394018,0.02,0.1090476,0.1,2.3878185443682494,0.7961588840027173,0.0325,0.0969491525423729,0.6339361543423729,0.3213680698056103,0.37081338582614043,0.4036481615201237,0.46575299638919165
2017-07-01,244.786,3.005,2.414,1.669,1.518,1.562,1.154285714285714,1337664128.0,12568158208.0,0.1064327887875041,0.2637621924881148,0.297,0.184,76.0,0.0295505784,0.02,0.1090476,0.1,2.3436059911508362,0.7956095959645205,0.0325,0.09458837772397095,0.6501865561239709,0.27496964521330725,0.3864243636358564,0.3456087591301114,0.4856959564035835
2017-08-01,245.519,3.073,2.494,1.807,1.638,1.688,1.230952380952381,1315587200.0,12806920192.0,0.1027247129112116,0.2652709442065093,0.297,0.184,85.0,0.033049989,0.02,0.1165544999999999,0.1,2.4277130871300754,0.7979920109467581,0.0325,0.09672881355932204,0.663333302559322,0.24722455451711234,0.39806235835281223,0.3098083077596213,0.49883000442641134
2017-09-01,246.819,3.22,2.761,1.823,1.753,1.867,1.3369047619047618,1298500608.0,12203069440.0,0.1064077045848556,0.2627535669762872,0.297,0.184,88.0,0.0342164592,0.02,0.1165544999999999,0.1,2.7063429302658006,0.8022173035482707,0.0325,0.10135593220338984,0.6691268914033898,0.10728374530709717,0.4063733244271024,0.1337340204861858,0.5065626515779216
2017-10-01,246.663,3.137,2.621,1.761,1.652,1.715,1.3692857142857142,1339340928.0,12268416000.0,0.1091698331716172,0.2647847691566145,0.297,0.184,91.0,0.0353829294,0.02,0.1165544999999999,0.1,2.5577650131145515,0.8017102684360893,0.0325,0.09874334140435836,0.6676807708043583,0.17633898523770464,0.40289600164774386,0.21995350712133485,0.5025456421229085
2017-11-01,246.669,3.294,2.678,1.836,1.757,1.83,1.493095238095238,1240036352.0,11837715456.0,0.1047530122352689,0.2638009143344262,0.417,0.184,94.0,0.0365493996,0.02,0.1190041199999999,0.1,2.605921728395825,0.8017297697865577,0.0325,0.10368523002421308,0.796238749624213,0.15564043631438818,0.5324378352897869,0.19413079341661954,0.6641113444390825
2017-12-01,246.524,3.187,2.594,1.646,1.702,1.757,1.5326190476190478,1361698432.0,12056924160.0,0.1129391222777667,0.2640413807545233,0.417,0.184,101.0,0.0392711634,0.02,0.1190041199999999,0.1,2.518500221808128,0.8012584871502352,0.0325,0.10031719128329299,0.795592474683293,0.13694868426310203,0.53155109392877,0.17091698429326502,0.663395274375552
2018-01-01,247.867,3.269,2.671,1.944,1.857,1.899,1.6447619047619046,1236964864.0,11563412480.0,0.1069723030411174,0.2663620031275944,0.417,0.184,115.0,0.0642785094,0.02,0.1190041199999999,0.1,2.5993679135188863,0.8056235394301056,0.0325,0.10289830508474578,0.8231809344847457,0.11281315512396217,0.5568189313571517,0.14003209886812107,0.6911651709569495
2018-02-01,248.991,3.418,2.705,1.877,1.765,1.817,1.555238095238095,1186271488.0,10777235456.0,0.1100719653795415,0.2667405923057831,0.417,0.184,137.0,0.07657526772,0.02,0.1154482199999999,0.1,2.6168116204204264,0.809276792417875,0.0325,0.10758837772397095,0.8366118654439708,0.23131710644138614,0.5698712731381876,0.28583187928851933,0.7041735021655374
2018-03-01,249.554,3.476,2.709,2.08,1.82,1.834,1.571904761904762,1309212672.0,12116188160.0,0.1080548316608513,0.2669825220852488,0.417,0.184,122.0,0.06819111432,0.02,0.1154482199999999,0.1,2.616081669562495,0.8111066691368377,0.0325,0.10941404358353511,0.830053377903535,0.2968474746192187,0.5630708558182862,0.3659783428178656,0.6942007472549746
2018-04-01,250.546,3.617,2.873,2.213,1.965,1.995,1.716904761904762,1346349184.0,11969476608.0,0.1124818760329206,0.2658143537248197,0.417,0.184,129.0,0.07210371924,0.02,0.1154482199999999,0.1,2.7787072599324216,0.8143308924142997,0.0325,0.11385230024213076,0.8384042394821306,0.2657028543102675,0.5725898857573108,0.3262836480665998,0.7031415498185466
2018-05-01,251.588,3.69,2.987,2.295,2.091,2.129,1.832857142857143,1338693888.0,12800620544.0,0.1045803899426955,0.2674322598916023,0.417,0.184,140.0,0.0782520984,0.02,0.1157642999999999,0.1,2.9048932275952613,0.817717626945666,0.0325,0.11615012106537531,0.8471665194653752,0.2053725128309658,0.5797342595737729,0.25115333956792885,0.7089663234229069
2018-06-01,251.989,3.673,2.97,2.136,2.002,2.03,1.7716666666666665,1295586816.0,12563129344.0,0.1031261225228694,0.2654765897730249,0.417,0.184,154.0,0.08607730824,0.02,0.1157642999999999,0.1,2.889166266345598,0.8190209672019788,0.0325,0.11561501210653755,0.8544566203465375,0.19485370308088967,0.5889800305735124,0.23791051863613252,0.719126926122105
2018-07-01,252.006,3.605,2.928,2.14,2.043,2.074,1.7678571428571428,1317906944.0,12642555904.0,0.1042437110033284,0.2678930693886717,0.417,0.184,169.0,0.09446146164,0.02,0.1157642999999999,0.1,2.849214069924866,0.8190762210283062,0.0325,0.11347457627118644,0.8607003379111864,0.16297866155261964,0.5928072685225145,0.19897862661427124,0.7237510420926111
2018-08-01,252.146,3.556,2.914,2.078,2.053,2.077,1.726904761904762,1362251648.0,12561983488.0,0.1084424007802039,0.2693740646589491,0.417,0.184,179.0,0.10005089724,0.02,0.1189250999999999,0.1,2.835911919811109,0.8195312525392383,0.0325,0.11193220338983052,0.8679082006298304,0.12155394421800958,0.5985341359708816,0.14832130421065268,0.7303371703231346
2018-09-01,252.439,3.588,2.915,2.224,2.045,2.093,1.8783333333333336,1280818688.0,12314635264.0,0.104007845993156,0.2644713076200021,0.417,0.184,171.0,0.09557934876,0.02,0.1189250999999999,0.1,2.83687735122415,0.8204835684871177,0.0325,0.11293946731234868,0.8644439160723485,0.151150040323504,0.599972608452346,0.18422067927845062,0.7312426860157969
2018-10-01,252.885,3.76,2.943,2.254,1.969,2.028,1.9292857142857145,1353300352.0,12508983296.0,0.1081862786108879,0.2677339746992415,0.417,0.184,181.0,0.1011687843600001,0.02,0.1189250999999999,0.1,2.8438894038012563,0.8219331688719443,0.0325,0.11835351089588378,0.8754473952558838,0.3083971756421011,0.6077134205566423,0.37520955148380053,0.7393708437277131
2018-11-01,252.038,3.632,2.736,1.739,1.546,1.625,1.5416666666666667,1238019328.0,12197492736.0,0.1014978532716053,0.2644483014788478,0.417,0.184,177.0,0.0989330101200001,0.02,0.12097962,0.1,2.634784797718632,0.819180228230805,0.0325,0.11432445520581115,0.8712370853258112,0.39042641843440506,0.6067887838469632,0.4766062521767822,0.7407268424403424
2018-12-01,251.233,3.368,2.457,1.597,1.357,1.449,1.3657142857142857,1274082944.0,11951321088.0,0.1066060341462394,0.2686344091420257,0.417,0.184,183.0,0.10228667148,0.02,0.12097962,0.1,2.3482930903731654,0.8165637970429452,0.0325,0.10601452784503633,0.8662808193250363,0.42206049944382373,0.5976464101830108,0.5168738817129147,0.7319041235324066
2019-01-01,251.712,3.232,2.338,1.607,1.353,1.425,1.4145238095238095,1232542080.0,11656617984.0,0.1057375373965073,0.2880780218932425,0.417,0.184,190.0,0.1344927539999998,0.02,0.12097962,0.1,2.2322934961652403,0.8181206548553487,0.0325,0.10173365617433415,0.8942060301743339,0.39357849555366853,0.6061280082810914,0.4810763464018114,0.7408785057361257
2019-02-01,252.776,3.236,2.393,1.817,1.47,1.568,1.522857142857143,1148360064.0,10835558400.0,0.1059806999886595,0.2902162678515478,0.417,0.184,186.0,0.1316613275999998,0.02,0.1242984599999999,0.1,2.2930673362540306,0.821578894338433,0.0325,0.10185956416464892,0.8948193517646487,0.3383295798328687,0.6046030839131009,0.41180412759422785,0.7359038652032932
2019-03-01,254.202,3.342,2.594,2.004,1.817,1.812,1.5747619047619048,1292753024.0,12132426752.0,0.1065535403942902,0.2890055615852374,0.417,0.184,188.0,0.1330770407999998,0.02,0.1242984599999999,0.1,2.50479258599323,0.8262137152997845,0.0325,0.10519612590799032,0.8995716267079901,0.22664134888401755,0.6105660651227525,0.2743132251221256,0.7389928947151572
2019-04-01,255.548,3.894,2.881,2.512,2.006,2.042,1.695952380952381,1278776192.0,12370169856.0,0.103375798949094,0.2875378656782187,0.417,0.184,180.0,0.1274141879999998,0.02,0.1242984599999999,0.1,2.764206716690567,0.8305885182548892,0.0325,0.12257142857142858,0.9112840765714283,0.5060470724162234,0.6237462108932097,0.6092632648949389,0.7509689782417577
2019-05-01,256.092,4.019,2.946,2.239,1.881,1.916,1.698095238095238,1295310592.0,12677835776.0,0.1021712707820455,0.2911434694174712,0.417,0.184,185.0,0.1309534709999998,0.02,0.1378898999999999,0.1,2.8238945583033117,0.8323566406973683,0.0325,0.12650605326876516,0.9323494242687648,0.5538994868453946,0.6412059548512938,0.6654593232791708,0.7703500200515925
2019-06-01,256.143,3.787,2.804,1.851,1.722,1.74,1.529047619047619,1282993280.0,12525541376.0,0.1024301658097049,0.2892427409573088,0.417,0.184,190.0,0.1344927539999998,0.02,0.1378898999999999,0.1,2.6918205916069224,0.8325224021763507,0.0325,0.11920338983050847,0.9285860438305081,0.45583610551987785,0.6393433028731996,0.5475361435659235,0.767959277974804
2019-07-01,256.571,3.668,2.823,1.919,1.854,1.89,1.521904761904762,1515841920.0,13011104768.0,0.1165037056444367,0.2895893244165656,0.473,0.184,193.0,0.1366163237999997,0.02,0.1378898999999999,0.1,2.7115726721226863,0.8339134985097719,0.0325,0.11545762711864409,0.9829638509186436,0.26305280137523557,0.6933745265020783,0.3154437502754407,0.831470563483094
2019-08-01,256.558,3.555,2.707,1.809,1.69,1.694,1.4057142857142857,1348828800.0,12975619072.0,0.1039510170971825,0.2896777332357207,0.473,0.184,194.0,0.1373241803999997,0.02,0.13559832,0.1,2.608623165496108,0.8338712455837567,0.0325,0.11190072639225183,0.9778232267922515,0.25823134094736133,0.6881454935565308,0.3096777138137014,0.8252419029928179
2019-09-01,256.759,3.687,2.681,2.059,1.681,1.726,1.495952380952381,1273510784.0,12190841856.0,0.1044645479814187,0.2912925464051,0.473,0.184,195.0,0.1380320369999997,0.02,0.13559832,0.1,2.5636497208654037,0.8345245408244522,0.0325,0.11605569007263923,0.9826860470726388,0.4319567784670575,0.6913935006675387,0.517608239585518,0.8284879195817177
2019-10-01,257.346,4.116,2.724,2.219,1.646,1.728,1.4216666666666666,1304576512.0,12503029760.0,0.1043408307459711,0.290605006868263,0.473,0.184,195.0,0.1380320369999997,0.02,0.13559832,0.1,2.5618373812447426,0.836432422945289,0.0325,0.1295593220338983,0.996189679033898,0.8485779465896224,0.7055846721656347,1.0145206275021788,0.8435644683417384
2019-11-01,257.208,3.944,2.693,1.919,1.636,1.724,1.505,1229884416.0,11929708544.0,0.1030942551080651,0.2907807857948648,0.473,0.184,195.0,0.1380320369999997,0.02,0.1343339999999999,0.1,2.549204608037461,0.8359838918845132,0.0325,0.1241452784503632,0.9895113154503627,0.6960648623070411,0.698730529655498,0.8326295148318467,0.8358181735779473
2019-12-01,256.974,3.61,2.645,1.659,1.63,1.713,1.6026190476190476,1238702848.0,12067565568.0,0.1026472854876971,0.289441435352388,0.473,0.184,197.0,0.1394477501999997,0.02,0.1343339999999999,0.1,2.534614608733354,0.8352233392162407,0.0325,0.11363196125907991,0.9804137114590794,0.3844131151599548,0.6909722761066912,0.46025188367063774,0.8272904307907485
2020-01-01,257.971,3.489,2.636,1.849,1.587,1.658,1.5154761904761904,1224282334.0,11689280612.0,0.104735473006198,0.2907662245270641,0.473,0.184,200.0,0.1705033199999998,0.02,0.1343339999999999,0.1,2.536208982059997,0.8384638136190932,0.0325,0.10982324455205812,1.0076605645520578,0.2358966779150089,0.7168943400249939,0.2813438983094561,0.8550092781352551
2020-02-01,258.678,3.447,2.533,1.851,1.453,1.58,1.325238095238095,1197585656.0,11167959695.0,0.1072340596408286,0.2914827170557209,0.473,0.184,206.0,0.1756184195999998,0.02,0.14120874,0.1,2.4232154236839656,0.8407617227493004,0.0325,0.10850121065375304,1.018328370253753,0.2969389231180024,0.7268456531980321,0.3531784512584716,0.8645084969154382
2020-03-01,258.115,3.262,2.329,0.93,0.838,0.891,0.7621428571428571,1019045856.0,10383682220.0,0.0981391605029299,0.288477728389667,0.473,0.184,199.0,0.1696508033999998,0.02,0.14120874,0.1,2.227472322181885,0.8389318460303377,0.0325,0.10267796610169493,1.0065375095016946,0.3164678967060879,0.7180597811120273,0.3772271826412985,0.8559214726556711
2020-04-01,256.389,2.827,1.938,0.469,0.546,0.593,0.4376190476190476,714431599.0,7874855803.0,0.0907231340957164,0.2878026531292469,0.473,0.184,198.0,0.1687982867999998,0.02,0.14120874,0.1,1.8492999909759258,0.83332195754556,0.0325,0.08898547215496369,0.9919924989549636,0.27351016319835764,0.7041898458257165,0.32821667630593315,0.8450393505768345
2020-05-01,256.394,2.771,1.961,1.032,0.83,0.876,0.6995238095238095,924817479.0,9155385334.0,0.1010134959110395,0.288248230194978,0.473,0.184,195.0,0.1662407369999998,0.02,0.1318053599999999,0.1,1.8699853614978794,0.8333382086709505,0.0325,0.08722276029055691,0.9782688572905565,0.21099401140654206,0.6900206270955784,0.25319133241597774,0.8280199082627663
2020-06-01,257.797,2.972,2.17,1.301,1.095,1.121,0.958809523809524,1029938226.0,10954553920.0,0.094019184489075,0.2902767634836538,0.473,0.184,202.0,0.1722083531999998,0.02,0.1318053599999999,0.1,2.0867715423226545,0.8378982744555061,0.0325,0.0935496368038741,0.9905633500038737,0.18494187115712557,0.7002865865202199,0.22072115052069644,0.8357656387051151
2020-07-01,259.101,3.102,2.272,1.328,1.166,1.22,1.0295238095238095,1089575995.0,11196194204.0,0.0973166394890447,0.2926352938444404,0.505,0.184,199.0,0.1696508033999998,0.02,0.1318053599999999,0.1,2.182519220460443,0.842136567957331,0.0325,0.09764164648910412,1.0240978098891038,0.18801826349489348,0.7314625160446635,0.22326338820667374,0.8685794488403273
2020-08-01,259.918,3.156,2.272,1.417,1.244,1.248,1.065238095238095,1120836492.0,11708737120.0,0.0957265058146595,0.2907749837199581,0.505,0.184,196.0,0.1670932535999998,0.02,0.1318053599999999,0.1,2.178419648829367,0.8447920018461279,0.0325,0.09934140435835352,1.0232400179583532,0.2451153169322382,0.7324650342383949,0.29014871873382625,0.8670359480650097
2020-09-01,260.28,3.174,2.274,1.299,1.176,1.227,0.9740476190476188,999449673.0,11112984443.0,0.0899353074888489,0.2889697578877795,0.505,0.184,196.0,0.1670932535999998,0.02,0.1318053599999999,0.1,2.185059315446443,0.8459685833243952,0.0325,0.09990799031476998,1.0238066039147697,0.2541038385265666,0.7348368460269903,0.3003703016109854,0.8686337300367686
2020-10-01,260.388,3.137,2.248,1.247,1.143,1.201,0.9569047619047618,1123313104.0,11231072121.0,0.1000183323459934,0.2917498698637796,0.505,0.184,198.0,0.1687982867999998,0.02,0.1318053599999999,0.1,2.149202101496837,0.8463196076328285,0.0325,0.09874334140435836,1.024346988204358,0.2552007801625842,0.7325971183405788,0.3015418499831115,0.8656270181304985
2020-11-01,260.229,3.115,2.2,1.312,1.128,1.19,1.0164285714285717,1039176930.0,10717804019.0,0.0969580082037139,0.2888244749066545,0.505,0.184,196.0,0.1670932535999998,0.02,0.1337808599999999,0.1,2.101758081780973,0.8458028218454128,0.0325,0.09805084745762713,1.0239249610576269,0.27814143206805486,0.7351004861509725,0.3288490235362335,0.8691156699466849
2020-12-01,260.474,3.143,2.284,1.432,1.298,1.359,1.190238095238095,1029256230.0,10612797561.0,0.0969825556441705,0.2899234439783913,0.505,0.184,199.0,0.1696508033999998,0.02,0.1337808599999999,0.1,2.191744843890839,0.846599126989544,0.0325,0.09893220338983051,1.0273638667898304,0.21381473329772183,0.7374404228114391,0.2525572333839208,0.8710621111006023
2021-01-01,261.582,3.262,2.42,1.654,1.5,1.563,1.3040476190476191,995980173.0,10264227095.0,0.097034113117506,0.2917950470439748,0.505,0.184,199.0,0.1982078446799999,0.02,0.1337808599999999,0.1,2.3295173755378284,0.850200376376064,0.0325,0.10267796610169493,1.0596666707816946,0.1646110007244519,0.7678716237377197,0.19361435880103692,0.903165471427728
2021-02-01,263.014,3.434,2.587,1.822,1.686,1.761,1.4828571428571429,975834460.0,9400131468.0,0.1038107247033664,0.2921478845955119,0.505,0.184,197.0,0.1962158060399999,0.02,0.1406556,0.1,2.4888871501283614,0.8548546986878842,0.0325,0.10809200968523004,1.0699634157252298,0.1672973187419209,0.7778155311297179,0.19570263694953705,0.9098803952573301
2021-03-01,264.877,3.781,2.898,2.066,1.945,1.986,1.5573809523809523,1138915242.0,11398234335.0,0.0999203217381475,0.2914207973375696,0.505,0.184,198.0,0.1972118253599999,0.02,0.1406556,0.1,2.7999757403420498,0.8609098680083597,0.0325,0.11901452784503633,1.0818819532050363,0.1905631037904838,0.7904611558674666,0.22135081832821246,0.9181694684208115
2021-04-01,267.054,3.911,2.948,2.099,1.958,1.988,1.543095238095238,1155077720.0,11959850442.0,0.0965796123957918,0.2903383821121647,0.505,0.184,192.0,0.1912357094399999,0.02,0.1406556,0.1,2.845051065026558,0.8679856080033541,0.0325,0.12310653753026636,1.0799978469702662,0.2762894701153402,0.7896594648581017,0.3183111189491895,0.9097610116768782
2021-05-01,269.195,4.068,3.076,2.239,2.038,2.116,1.6316666666666666,1209075052.0,11843481834.0,0.1020878039875921,0.2930195170556318,0.505,0.184,190.0,0.1892436707999999,0.02,0.1485575999999999,0.1,2.963214916998085,0.8749443398955378,0.0325,0.12804842615012108,1.090849696950121,0.30695490310742546,0.7978301798944893,0.35082792025841747,0.9118639249552087
2021-06-01,271.696,4.182,3.157,2.311,2.118,2.167,1.7419047619047618,1196780811.0,12324058968.0,0.0971093057983167,0.2918724848408117,0.505,0.184,190.0,0.1892436707999999,0.02,0.1485575999999999,0.1,3.0467573769643477,0.8830731528158327,0.0325,0.13163680387409205,1.0944380746740918,0.3326770332023723,0.8025655898332804,0.3767264718008623,0.9088325098256698
2021-07-01,273.003,4.253,3.231,2.361,2.205,2.257,1.7897619047619049,1232804307.0,12581551381.0,0.097985079078699,0.2917409398615518,0.511,0.184,188.0,0.18725163216,0.02,0.1485575999999999,0.1,3.1199810484330475,0.8873211969928917,0.0325,0.1338716707021792,1.1006809028621791,0.3240789885663249,0.8089399630006278,0.36523300656472546,0.9116653200014878
2021-08-01,273.567,4.319,3.255,2.331,2.209,2.233,1.681190476190476,1235150159.0,12402818954.0,0.0995862443514629,0.2925554358355425,0.511,0.184,185.0,0.1842635741999999,0.02,0.1841166,0.1,3.137321029276549,0.8891543239369327,0.0325,0.1359491525423729,1.1353293267423727,0.33890507981662044,0.8427738909068303,0.3811543965911803,0.9478375892896269
2021-09-01,274.31,4.31,3.272,2.25,2.199,2.284,1.7735714285714284,1186156014.0,12116553702.0,0.0978954943107468,0.2920812167863758,0.511,0.184,183.0,0.18227153556,0.02,0.1841166,0.1,3.1593572602135316,0.8915692411699511,0.0325,0.13566585956416466,1.1330539951241647,0.3096699614486793,0.8409727783377887,0.34733136491151106,0.9432501027449447
2021-10-01,276.589,4.4,3.384,2.535,2.425,2.5,1.9890476190476192,1203056833.0,12181367887.0,0.0987620474285081,0.2908100122750321,0.511,0.184,182.0,0.1812755162399999,0.02,0.1841166,0.1,3.272661768070176,0.8989765041229105,0.0325,0.138498789346247,1.1348909055862468,0.28325733861860947,0.8440808933112147,0.3150887006718495,0.9389354331732452
2021-11-01,277.948,4.598,3.491,2.53,2.28,2.39,1.9297619047619048,1143477704.0,11723667162.0,0.0975358382491752,0.2922391830747796,0.511,0.184,174.0,0.1733073616799999,0.02,0.2233105199999999,0.1,3.3713584923168964,0.9033935600040303,0.0325,0.1447312348668281,1.1723491165468278,0.3465315742110553,0.8801099334720481,0.3835887143245844,0.9742264860379586
2021-12-01,278.802,4.597,3.406,2.315,2.129,2.203,1.765952380952381,1163528519.0,11826074781.0,0.0983867040033729,0.2915974341067176,0.511,0.184,172.0,0.17131532304,0.02,0.2233105199999999,0.1,3.276034564720466,0.9061692522207164,0.0325,0.1446997578692494,1.1703256009092493,0.4422372684770024,0.878728166802532,0.4880294353325578,0.9697174834050751
2022-01-01,281.148,4.584,3.413,2.548,2.4,2.449,2.059761904761905,1071069594.0,10863789985.0,0.0985907860404943,0.2976784695494123,0.511,0.184,167.0,0.1903001806799999,0.02,0.2233105199999999,0.1,3.284922974975708,0.9137942802539076,0.0325,0.1442905569007264,1.188901257580726,0.4078542369929776,0.8912227880313139,0.4463304770080755,0.9752991535290394
2022-02-01,283.716,4.66,3.611,2.818,2.648,2.739,2.3126190476190476,1070605044.0,10502552520.0,0.1019376044024772,0.2990229512245002,0.511,0.184,163.0,0.1857420925199999,0.02,0.2303432999999999,0.1,3.4919297131887466,0.9221408582544341,0.0325,0.14668280871670702,1.1937682012367068,0.2733250367990472,0.8947452500122064,0.29640269634775496,0.9702912976938401
2022-03-01,287.504,5.655,4.322,3.784,3.197,3.184,2.7916666666666665,1180635843.0,11516199192.0,0.1025195746718376,0.2971248912451185,0.511,0.184,158.0,0.1800444823199999,0.02,0.2303432999999999,0.1,4.169730837151584,0.9344527108502264,0.0325,0.17800242130750607,1.219390203627506,0.5630038504660289,0.9222653123823874,0.6024958180642133,0.9869577151135341
2022-04-01,289.109,5.692,4.213,3.408,3.18,3.193,2.49,1129924513.0,11912493980.0,0.0948520532221918,0.2987682024605352,0.511,0.184,153.0,0.1743468721199998,0.02,0.2303432999999999,0.1,4.05801297581791,0.9396693221005554,0.0325,0.1791670702179177,1.2148572423379174,0.7178979843047086,0.9160890398773818,0.7639900201274054,0.9749057656043705
2022-05-01,292.296,5.871,4.545,4.034,3.75,3.828,2.698571428571429,1187045728.0,11981988377.0,0.0990691770556705,0.2974313889517013,0.511,0.184,125.0,0.1424402549999999,0.02,0.2437766999999999,0.1,4.399188883951708,0.9500277894244177,0.0325,0.18480145278450366,1.2020184077845035,0.5672240972154903,0.9045870188328022,0.5970605318389136,0.9521690090569391
2022-06-01,296.311,6.294,5.032,4.27,4.049,4.082,2.9216666666666664,1130842750.0,11888307669.0,0.0951222647903696,0.2985609614160753,0.511,0.184,113.0,0.1287659905199999,0.02,0.2437766999999999,0.1,4.899336443925614,0.9630774431129355,0.0325,0.19811622276029056,1.2016589132802904,0.4915656042101695,0.9030979518642157,0.5104112942582187,0.937721009169471
2022-07-01,296.276,5.897,4.668,3.33,3.283,3.484,2.665,1139954424.0,11976553691.0,0.0951821745563283,0.2977432325174424,0.539,0.184,117.0,0.1333240786799999,0.02,0.2437766999999999,0.1,4.538715530529732,0.9629636852352026,0.0325,0.18561985472154965,1.2217206334015493,0.4343070685861612,0.9239774008841071,0.4510108483271436,0.9595142735402601
2022-08-01,296.171,5.333,4.087,3.123,2.793,3.027,2.3916666666666666,1196484785.0,12273248992.0,0.0974872086258412,0.2995004154920372,0.539,0.184,97.0,0.1105336378799999,0.02,0.213354,0.1,3.9524101491870813,0.9626224116020035,0.0325,0.16786682808716707,1.150754465967167,0.529335800337789,0.8512540504751298,0.549889337665497,0.884307325712962
2022-09-01,296.808,5.375,3.817,3.884,2.578,2.642,2.1371428571428575,1143001368.0,11937603124.0,0.0957479785621326,0.298340034282324,0.539,0.184,102.0,0.1162312480799999,0.02,0.213354,0.1,3.6520290106483855,0.9646928049767446,0.0325,0.16918886198547217,1.157774110065472,0.8635369135684665,0.859434075783148,0.8951418618585876,0.8908888625989763
2022-10-01,298.012,5.905,3.935,3.227,2.837,3.013,2.222142857142857,1173356975.0,12046180300.0,0.0974048989620386,0.2965486060387437,0.539,0.184,106.0,0.1207893362399999,0.02,0.213354,0.1,3.7224045064785414,0.968606075970761,0.0325,0.1858716707021792,1.179015006942179,1.3001290926180236,0.8824664009034353,1.3422681571711204,0.9110684134610715
2022-11-01,297.711,5.173,3.799,2.854,2.456,2.852,2.1766666666666667,1103445549.0,11711718981.0,0.0942172153199822,0.2985850172679363,0.539,0.184,81.0,0.0923012852399999,0.02,0.2117735999999999,0.1,3.6560800239978204,0.967627758222257,0.0325,0.16283050847457628,1.125905393714576,0.6895995995555397,0.8273203764466399,0.7126703359796999,0.8549985977733914
2022-12-01,296.797,4.418,3.324,2.249,2.157,2.366,1.9266666666666667,1120416793.0,11626814813.0,0.0963648953750649,0.2980038482143096,0.539,0.184,86.0,0.0979988954399999,0.02,0.2117735999999999,0.1,3.207334329309751,0.9646570525008858,0.0325,0.13906537530266344,1.1078378707426633,0.4008316481618954,0.8098340225283538,0.41551725260571537,0.8395045891478724
2023-01-01,299.17,4.368,3.445,2.571,2.534,2.593,1.9642857142857144,1084683004.0,,0.1,0.3027983288706119,0.539,0.184,81.0,0.1040187452399999,0.02,0.2117735999999999,0.1,3.342444444444444,0.9723698366111854,0.0325,0.13749152542372883,1.1122838706637288,0.2160700137624394,0.809485541793117,0.22220970419595376,0.8324873019655383
2023-02-01,300.84,4.591,3.501,2.907,2.416,2.532,1.9664285714285712,1035973616.0,,0.1,0.3059680973734701,0.539,0.184,71.0,0.0911769248399999,0.02,0.2200706999999999,0.1,3.379888888888889,0.97779771249159,0.0325,0.14451089588377725,1.114758520723777,0.4023206877608043,0.8087904233503069,0.41145595108381344,0.8271551600272979
2023-03-01,301.836,4.786,3.535,2.756,2.536,2.515,1.8673809523809528,1141589220.0,,0.1,0.3041077232701851,0.539,0.184,73.0,0.0937452889199999,0.02,0.2200706999999999,0.1,3.396,0.9810349366693644,0.0325,0.15064891041162226,1.123464899331622,0.570642823938563,0.8193571760614367,0.5816743141441101,0.8351967350349139
2023-04-01,303.363,4.787,3.711,2.799,2.616,2.765,2.0152380952380953,1134186482.0,,0.1,0.3048181775576412,0.539,0.184,74.0,0.0950294709599999,0.02,0.2200706999999999,0.1,3.5914444444444444,0.9859980303636027,0.0325,0.15068038740920098,1.1247805583692008,0.37559317474399556,0.8199623808115599,0.3809269016546509,0.8316065099127892
2023-05-01,304.127,4.74,3.666,2.672,2.447,2.57,1.7969047619047618,1191773048.0,,0.1,0.3051864296016023,0.539,0.184,81.0,0.1040187452399999,0.02,0.2396676599999999,0.1,3.5466666666666664,0.988481202323261,0.0325,0.14920096852300244,1.1518873737630022,0.34663238917193384,0.8467009441614,0.3506717055996937,0.8565675727281105
2023-06-01,305.109,4.781,3.684,2.802,2.427,2.659,1.781904761904762,1144027420.0,,0.1,0.3037215819669411,0.539,0.184,79.0,0.1014503811599999,0.02,0.2396676599999999,0.1,3.5621111111111112,0.991672923349942,0.0325,0.15049152542372882,1.1506095665837286,0.3720009042721011,0.8468879846167874,0.37512459553242156,0.8539993022658512
2023-07-01,305.691,4.823,3.712,2.97,2.674,2.7,1.9073809523809524,1163401321.0,,0.1,0.3039730066070281,0.579,0.184,75.0,0.0963136529999999,0.02,0.2396676599999999,0.1,3.5885555555555557,0.9935645543453884,0.0325,0.15181355932203391,1.1867948723220336,0.3516225787294389,0.8828218657150058,0.3539000834838618,0.888540016704455
2023-08-01,307.026,5.13,3.954,3.276,2.902,2.874,2.0511904761904765,1198971799.0,,0.1,0.3041516278543454,0.579,0.184,77.0,0.0988820170799999,0.02,0.2781504,0.1,3.8233333333333337,0.9979036048246341,0.0325,0.1614769975786925,1.2375094146586925,0.3733088798623192,0.933357786804347,0.37409312688866614,0.9353185841716345
2023-09-01,307.789,5.52,3.958,3.78,2.824,2.894,2.2314285714285713,1127297534.0,,0.1,0.3045511075927197,0.579,0.184,73.0,0.0937452889199999,0.02,0.2781504,0.1,3.7844444444444445,1.0003835265592143,0.0325,0.17375302663438258,1.2446487155543824,0.7954579475938921,0.940097607961663,0.795152985305389,0.9397371937891633
2023-10-01,307.671,5.546,3.742,2.635,2.305,2.524,2.157142857142857,1169112984.0,,0.1,0.303182806533891,0.579,0.184,76.0,0.0975978350399999,0.02,0.2781504,0.1,3.541555555555555,1.0,0.0325,0.1745714285714286,1.2493196636114283,1.058307587366908,0.946136857077537,1.058307587366908,0.946136857077537
2023-11-01,307.051,4.935,3.443,2.524,2.094,2.306,1.9747619047619047,1091232826.0,,0.1,0.3041746318421917,0.579,0.184,70.0,0.0898927427999999,0.02,0.3060444599999999,0.1,3.277222222222222,0.9979848604515863,0.0325,0.15533898305084745,1.2502761858508473,0.7116762237691221,0.9461015540086555,0.7131132464745907,0.9480119303418554
2023-12-01,306.746,4.558,3.257,2.32,2.019,2.226,1.8483333333333332,1108783979.0,,0.1,0.3050497232723495,0.579,0.184,73.0,0.0937452889199999,0.02,0.3060444599999999,0.1,3.1124444444444443,0.9969935418027698,0.0325,0.1434721549636804,1.2422619038836802,0.508343374944225,0.9372121806113305,0.5098762967160604,0.9400383666644999
2024-01-01,308.417,4.482,3.197,2.274,2.146,2.244,1.907619047619048,,,,,,,69.0,0.0985102484399999,0.02,0.3060444599999999,0.1,,1.0024246679082527,0.0325,0.14107990314769978,,,,,
2024-02-01,310.326,4.535,3.328,2.555,2.325,2.326,1.9876190476190476,,,,,,,62.0,0.0885164551199999,0.02,0.32998752,0.1,,1.0086293475823203,0.0325,0.14274818401937048,,,,,
2024-03-01,312.332,4.831,3.542,2.911,2.545,2.48,2.0335714285714284,,,,,,,66.0,0.0942271941599999,0.02,0.32998752,0.1,,1.015149299088962,0.0325,0.15206537530266345,,,,,
2024-04-01,313.548,5.255,3.733,3.194,2.595,2.749,2.1414285714285715,,,,,,,67.0,0.0956548789199999,0.02,0.32998752,0.1,,1.0191015727839152,0.0325,0.16541162227602907,,,,,
2024-05-01,314.069,5.118,3.725,2.702,2.385,2.531,1.9464285714285712,,,,,,,56.0,0.0799503465599999,0.02,0.29253204,0.1,,1.0207949400495986,0.0325,0.1610992736077482,,,,,
2024-06-01,314.175,4.777,3.576,2.43,2.275,2.444,1.9583333333333333,,,,,,,51.0,0.0728119227599999,0.02,0.29253204,0.1,,1.0211394639078757,0.0325,0.15036561743341406,,,,,
2024-07-01,,,,,,,,,,,,0.596,0.184,,,0.02,0.29253204,0.1,,,0.0325,,,,,,
