area,Reformulated Motor Gasoline Bulk Sales (Volume),Reformulated Motor Gasoline DTW Sales Volume,Reformulated Motor Gasoline Rack Sales Volume,Reformulated Motor Gasoline Retail Sales by Refiners and Gas Plants,Reformulated Motor Gasoline Through Company Outlets Volume by Refiners and Gas Plants,Reformulated Motor Gasoline Wholesale/Resale Volume by Refiners and Gas Plants,Regular Gasoline Bulk Sales (Volume),Regular Gasoline DTW Sales Volume,Regular Gasoline Rack Sales Volume,Regular Gasoline Retail Sales by Refiners and Gas Plants,Regular Gasoline Through Company Outlets Volume by Refiners and Gas Plants,Regular Gasoline Wholesale/Resale Volume by Refiners and Gas Plants,Total Gasoline Bulk Sales (Volume),Total Gasoline DTW Sales Volume,Total Gasoline Rack Sales Volume,Total Gasoline Retail Sales by Refiners and Gas Plants,Total Gasoline Through Company Outlets Volume by Refiners and Gas Plants,Total Gasoline Wholesale/Resale Volume by Refiners and Gas Plants
CALIFORNIA,,19132.8,,7430.9,7323,27962.5,3202.7,12912.6,4410.6,5248.5,5155,20525.9,3591.1,19132.8,5603.5,7430.9,7323,28327.4
U.S.,9663.1,43498.8,32740.6,19580.7,19254.9,85902.6,28778,41234.1,134916.3,38697.1,37592.9,204928.3,33910.9,63374,172353,54421,53001.7,269637.9
CALIFORNIA,,21101.5,,8133.7,7952.8,30687.3,2867.4,14492.6,5219.9,5829.5,5667.8,22579.9,3203.1,21101.5,6654.1,8133.7,7952.8,30958.7
U.S.,7647,46891.3,37039.8,20984.7,20545.2,91578.2,25868.1,45617.8,152433.3,42768.1,41372.4,223919.1,31603.7,68923.1,193471.9,59107.2,57343.1,293998.7
CALIFORNIA,,22126.6,,8298.6,8083.8,31691.5,3079.2,15879.2,5240.4,6230.4,6034.3,24198.8,3381.9,22126.6,6414.4,8298.6,8083.8,31922.9
U.S.,7951.5,48781.9,37105.3,21590.8,21092.8,93838.6,26574.1,48663,159013,45486.6,43908.9,234250.2,29556.6,70715.5,196336.9,60573,58626.8,296609.1
CALIFORNIA,,20863.3,,7827.7,7598.8,32052.5,3713.3,14770,6034.5,5759.6,5578,24517.9,4115.2,20863.3,7536.2,7827.7,7598.8,32514.7
U.S.,11111.3,46373.3,38407,20616.3,20107.2,95891.5,37856.7,46118.2,157990.7,42873.1,41453.4,241965.6,41533.6,67218,195894.1,57911.6,56117.5,304645.7
CALIFORNIA,,21365.1,,8138.1,7936.3,33148.6,4143.6,14929,5938,5949.2,5776.8,25010.6,4574.2,21365.1,7550.3,8138.1,7936.3,33489.5
U.S.,10899.8,47590.1,38112.7,22148.6,21654.5,96602.6,35485.2,47391.3,165547.2,44622.1,43079.5,248423.6,40756.4,69600.9,206523.6,60300.4,58372.1,316880.9
CALIFORNIA,4179.2,22701.6,7441.2,8669.1,8480.8,34321.9,3962.5,15914.6,6070.3,6372.1,6212.4,25947.4,4435.1,22701.6,7513,8669.1,8480.8,34649.7
U.S.,12003.2,49474,38270.9,23807.7,23283.5,99748.1,41245.2,49767.2,169463.5,47451.1,45869.9,260475.9,47057.3,71880.2,207922.8,63275.5,61303.2,326860.3
CALIFORNIA,,22177.4,,8414,8252.8,33217.2,4012.3,15695,5608.8,6165.5,6018.8,25316.1,4541.3,22177.4,6909.2,8414,8252.8,33627.8
U.S.,10681.9,47335,37795.7,23132,22697.9,95812.6,39887,47529.5,165682.5,46511.6,45160.5,253099,45256,68531.2,203929.4,62278.2,60609.1,317716.5
CALIFORNIA,,22946.6,,8630.9,8411.8,34568.1,4338.2,16112.6,5658,6318.5,6137.4,26108.8,4917.3,22946.6,6983.2,8630.9,8411.8,34847.1
U.S.,13540.7,48907.5,38265.2,23559.7,23027.5,100713.5,34897.6,48970.6,169710.2,47257.5,45721.9,253578.4,39958.5,70960.6,210561.1,63621.8,61702.6,321480.1
CALIFORNIA,,22859.8,,9115,8913.8,33267.4,3687.2,16393.1,5390.1,6830.8,6659.8,25470.5,4089,22859.8,6508.2,9115,8913.8,33457
U.S.,11258.5,49135.3,35522.4,23911,23424.7,95916.2,30149.3,49464.1,159805.6,47094.9,45717.3,239419.1,35034.3,70999.1,196477.5,63098,61322.8,302510.9
CALIFORNIA,,22270.3,,8244.9,8037.4,32391.1,3398.5,15966.8,5447,6133.3,5952.5,24812.3,3768.9,22270.3,6626.9,8244.9,8037.4,32666.1
U.S.,8213,48737.7,36280.1,22902.2,22378.7,93230.8,27188,48853.7,159347.5,46107.6,44629.5,235389.2,31811.8,70277.1,196632.4,61954.7,60028.6,298721.3
CALIFORNIA,,22387.7,,8271,8072.3,32601.8,3381.7,15971.7,5461.2,6085.1,5920.3,24814.7,3656.7,22387.7,6693.5,8271,8072.3,32737.9
U.S.,10067,48844.6,36257.1,23049.2,22553.8,95168.7,28943.7,48701.7,158186.8,46119.5,44803.8,235832.2,33367.1,70174.9,195923.9,62184.7,60456.1,299465.9
CALIFORNIA,,22827.4,,8110.2,7862.5,32393.2,2643.6,16044.9,5839.1,5865,5660.5,24527.6,2755.5,22827.4,7206.8,8110.2,7862.5,32789.8
U.S.,11297.5,49037.8,38121.6,22903,22425.6,98456.9,31707.9,48189.2,159521.4,45411.5,44298.4,239418.5,35113.8,70275.7,198684.8,62014.2,60583.4,304074.3
CALIFORNIA,,20933.2,,7461.8,7267.8,30973.3,3092.5,14782,5587.5,5368.7,5210.2,23462,3322.8,20933.2,6878.4,7461.8,7267.8,31134.3
U.S.,7263.2,45642.4,34967.4,21735.1,21244.6,87873,26159.8,44918.8,148012.1,42867.4,41706.6,219090.7,29619.7,64960.5,183482.1,58139.5,56615,278062.3
CALIFORNIA,,22481,,7957.1,7746.9,33386.5,4024.6,15890.1,5448.5,5725.3,5532.5,25363.3,4355.9,22481,6707.8,7957.1,7746.9,33544.7
U.S.,8479.4,48193.3,35974.3,22937.6,22420,92646.9,28064.9,47522.2,154828.4,45541.7,44323.3,230415.5,31443.8,68556.3,192079,61731,60159.5,292079
CALIFORNIA,,23259.2,,8531.6,8272,34446.3,3925.8,16575.8,5757.4,6194.2,5978.5,26259,4264.7,23259.2,7052.9,8531.6,8272,34576.8
U.S.,9634.7,48797.7,36682.4,23583.5,23035.8,95114.8,30051.4,47944.1,158487.5,46406.4,45161.2,236483,33838.3,69093.5,197039.7,62859.5,61250.9,299971.5
CALIFORNIA,,23150.5,,8606.9,8246.7,32835.9,2788.9,16686.8,5513.9,6315.9,6018.3,24989.6,3066.1,23150.5,6760.1,8606.9,8246.7,32976.7
U.S.,8260.7,48693.1,36875,23891.4,23232.9,93828.8,29996.1,48467.4,165185.8,46525.2,45234.7,243649.3,33046,69005.4,202463,62301.3,60623.9,304514.4
CALIFORNIA,,22187.5,,8334.3,8038.8,33920.5,3941.6,16439.3,6321,6212.5,5971,26701.8,4198.9,22187.5,7679.3,8334.3,8038.8,34065.7
U.S.,9626.8,47794,38002.3,23759,23162.1,95423.1,34002.9,48698.2,167753.3,47885.5,46557.4,250454.5,37577.6,67778.2,203852.4,62878.9,61200.5,309208.3
CALIFORNIA,,21981.3,,9079.3,8732.8,33706.3,3665,16224.5,6571.7,6781.9,6511.1,26461.3,3992.3,21981.3,7913.7,9079.3,8732.8,33887.4
U.S.,12879,47297.2,39602.5,24819.6,24192.8,99778.7,36677,47988.2,173529.2,49633.4,48331.3,258194.5,40270.2,66903.4,211189.8,65417,63765.6,318363.4
CALIFORNIA,,,,8127.8,7820.1,35095.5,5086.4,15479.2,6950.1,5935.3,5684.9,27515.7,5450.5,21321.1,8524.1,8127.8,7820.1,35295.7
U.S.,14024.9,45333.7,40041.7,23391.3,22823.5,99400.3,39841.6,45654.4,171476.1,46856.1,45573.4,256972,43954,64596.3,211242.8,62534.2,60912.5,319793.1
CALIFORNIA,4375.4,22405.9,8071.9,8623.3,8246.2,34853.3,4316.4,15954.5,6565,6271.2,5955.9,26835.9,4833.4,22405.9,8149,8623.3,8246.2,35388.3
U.S.,11751.9,47514.4,40341.6,24307.2,23650.5,99607.8,39177.7,47897.6,174255.6,48223.4,46792.6,261330.9,43205.3,68131.4,214494.2,64390.5,62581.5,325830.8
CALIFORNIA,,22134.3,,8675.5,8298.8,32861.2,3286,15901.2,5886.1,6423.4,6133.3,25073.2,3555,22134.3,7316.7,8675.5,8298.8,33006
U.S.,9107.7,46547.9,37248.7,23896.1,23280.1,92904.3,34521,46501.8,162047.7,46738.4,45444.3,243070.6,37747.5,65786.1,197970.6,62214.2,60556.9,301504.1
CALIFORNIA,,22130.9,,8237.7,7970.5,33126.9,3473.3,15662.9,5951,6033.2,5830.2,25087.2,3771,22130.9,7455,8237.7,7970.5,33357
U.S.,11030.9,48268.5,37548.6,22362.6,21826.4,96848,32834.2,47083.2,165175.8,45603,44351.4,245093.3,37315.5,67384.4,203549.1,60864.4,59263.7,308249
CALIFORNIA,,22212.5,,8186.5,7972.2,32710.1,2934.7,15558.7,5807.2,5941,5782.6,24300.6,3234.3,22212.5,7395.4,8186.5,7972.2,32842.2
U.S.,8904,48149.4,37218.3,22142.8,21670.4,94271.7,28325.1,46246.6,161230.1,44468.1,43334.4,235801.8,31759.1,66980.8,200184.8,60024.8,58554,298924.7
CALIFORNIA,,22937.6,,8153.8,7935.3,33419.8,3441.8,15882.4,5418.4,5831,5673.5,24742.5,3717.5,22937.6,6994.7,8153.8,7935.3,33649.8
U.S.,9288,49788.2,36050.9,22577,22103.6,95127,35683.9,47871.8,156303.5,44715.6,43584.7,239859.3,40051,69379.4,194660.9,60793.5,59308,304091.2
CALIFORNIA,,22939.6,,8251.4,8034.5,32959,2880.4,16028.2,5627,5960.4,5803,24535.6,3106,22939.6,7144.6,8251.4,8034.5,33190.3
U.S.,8259.5,49057.6,34549,22820,22364.7,91866.1,32590.7,47621.3,149615.4,44491.4,43357.9,229827.4,36179.5,68347.3,185919.9,60211.7,58727.6,290446.6
CALIFORNIA,,22790.8,,8649.6,8425.9,33073.2,2924.1,16084.8,5715.1,6265.2,6103.6,24723.9,3289.6,22790.8,7230.2,8649.6,8425.9,33310.6
U.S.,7347.5,49771.9,36004.3,23884,23402.8,93123.8,28865,48356.8,154537.7,47064.1,45911.7,231759.5,31686.7,69399.5,192820.3,63942.2,62426.2,293906.5
CALIFORNIA,,22676.6,,8602.9,8350.6,33966.9,3472.6,16203.2,6115,6245.8,6070.6,25790.8,3787.4,22676.6,7624,8602.9,8350.6,34088
U.S.,9160.6,49999,36892.6,23584.1,23065.7,96052.1,32110.6,49115.3,157764.7,46785.6,45587.9,238990.6,35113.8,69637.5,195144.4,62828.5,61251.2,299895.7
CALIFORNIA,3698.2,22701.9,7983.8,8721.3,8477.7,34383.9,3534.7,16260.7,6479.7,6383.8,6209.4,26275.1,3945.6,22701.9,8056.9,8721.3,8477.7,34704.4
U.S.,9010.9,49178.5,38421.3,24062.6,23535.4,96610.7,40670.8,48482.1,165268.7,48106.8,46845.1,254421.6,45034.6,68174.3,202137.6,63953.3,62288.4,315346.5
CALIFORNIA,3166.1,22688.2,7616.9,8926.5,8682.7,33471.2,3011.6,16142.1,6108.1,6498.1,6316,25261.7,3426.1,22688.2,7687.2,8926.5,8682.7,33801.5
U.S.,9526.1,48702,38771.2,24519.4,24021.3,96999.3,45383.4,47539.5,169139,48249,46967.5,262061.9,49587.3,67503,208381.8,64537,62870.5,325472.2
CALIFORNIA,,22825.2,,8812.4,8568.1,32772.2,2627,16289.9,5730.4,6373,6202.6,24647.3,3079,22825.2,7197,8812.4,8568.1,33101.3
U.S.,10355.7,49339.7,37750.9,24537.6,24053.5,97446.3,45424.9,47914.5,167525.1,48308.7,47266.7,260864.5,49928.3,68048.1,206735.8,64874,63474.6,324712.2
CALIFORNIA,2834,21808.4,7669.1,8614.1,8370.5,32311.5,2819.6,15534.9,6162.7,6213.7,6059,24517.2,3234.6,21808.4,7736.5,8614.1,8370.5,32779.5
U.S.,10197.3,47799.5,38333.9,24343.9,23821,96330.6,43720.9,46451.5,171415.5,48227.4,46989.6,261588,47875.6,66176.3,212513.1,64594.2,62913.4,326565
CALIFORNIA,3137.4,22141.9,8142.9,8934,8743,33422.1,3143.7,15726.7,6506.7,6480.9,6331.4,25377.2,3493.4,22141.9,8216.1,8934,8743,33851.4
U.S.,12210.4,48082.3,40078,25143.7,24660.1,100370.7,47431,46986.9,172652.4,49689.9,48472.5,267070.3,51250.3,66955.9,214422.9,66683.5,65071.7,332629
CALIFORNIA,3168.5,21850.8,7193.5,8830.7,8653.8,32212.8,3136.4,15465,5718.8,6396,6257.9,24320.3,3465.3,21850.8,7260.2,8830.7,8653.8,32576.3
U.S.,9785,46708.5,37502.5,23916.1,23454.7,93996,37313.3,45096.1,158845.2,46337.2,45206.4,241254.7,41438.9,64445.3,196769,62352.4,60861.1,302653.2
CALIFORNIA,3088.9,22337.6,8295,8788.2,8592,33721.5,2941.1,15714.1,6526.2,6356.4,6203.7,25181.5,3358.1,22337.6,8391.2,8788.2,8592,34086.9
U.S.,9158.3,47787.8,39902.2,24208.5,23626.3,96848.2,37156.8,46631.9,167725.8,47413.3,46184.2,251514.6,41730.3,66417.1,206763.3,63344.8,61735.7,314910.6
CALIFORNIA,,21349.3,,8565.5,8392.5,32547.4,3931.7,15056.5,5939.7,6179.6,6045.6,24927.8,4409.3,21349.3,7453,8565.5,8392.5,33211.7
U.S.,9084,46712.3,38713.2,24036.4,23523.7,94509.5,40533.1,44983.9,161383.6,47173.5,46059.8,246900.7,45394.6,64208.6,199404,63255.8,61799.9,309007.2
CALIFORNIA,2962.5,20919.6,7415.7,8847.8,8675.1,31297.9,,14703.1,,6363.4,6231.8,23566.2,3674.9,20919.6,7508.8,8847.8,8675.1,32103.4
U.S.,7815.9,45775.8,39292.3,24275.4,23782.7,92883.9,38351.9,44101.9,159848.5,46943.6,45875.1,242302.3,43813.4,63084.6,197889,63109.4,61702.2,304787
CALIFORNIA,,20604.5,,8210.1,8030.1,32843,3681.1,14643.8,6763.6,5986.8,5839.9,25088.5,4175.8,20604.5,8514.6,8210.1,8030.1,33295
U.S.,8786.2,44582.1,39582.8,23072.8,22585.5,92951.1,33651.4,43727.8,156474.9,45287.2,44192.7,233854.1,37837.8,61802.8,192004.8,60247.9,58844.9,291645.4
CALIFORNIA,,21112.3,,8375.6,8189.8,33303.3,3950.7,15349.9,6684.1,6233.5,6081.4,25984.8,4357.9,21112.3,8321.5,8375.6,8189.8,33791.6
U.S.,7393.9,44287.4,39740.9,23202,22703.7,91422.2,30953.6,44574.4,160137.5,46677.1,45401,235665.5,33623.5,61782.3,193759.4,60803.4,59154.4,289165.1
CALIFORNIA,,20821.3,8531.5,8101.8,7917.8,34145.2,,15825.2,7186.8,6213.2,6059.3,27733.2,,20821.3,8621.6,8101.8,7917.8,34727.7
U.S.,7990.7,44371.6,41083.1,23298.9,22776.7,93445.4,30914.9,45475.1,165153.6,47200.2,46007,241543.6,32883.4,61336.3,197964.3,60815.8,59294.6,292183.9
CALIFORNIA,3783.8,20614.4,8658.1,7908.2,7735.7,33056.3,3926.3,15449.6,7240.7,6045.4,5901.9,26616.6,4475.6,20614.4,8740.9,7908.2,7735.7,33830.9
U.S.,7421,43990.7,42223.9,23230.6,22691.3,93635.7,36702,44450.7,169553.8,47551.5,46323.5,250706.5,39400.9,60786.8,204841.7,61728.4,60184,305029.5
CALIFORNIA,3948.8,20616.6,9099,8653.3,8479.4,33664.3,4211.2,15127.7,7477.3,6445.9,6302.7,26816.3,4773.8,20616.6,9176.7,8653.3,8479.4,34567.1
U.S.,9050.8,43311.8,43829.5,25379,24819.5,96192.1,39288.7,43483.6,173898.6,50207.7,48767.6,256670.9,43152.2,59889.8,211680.7,66315.5,64482.6,314722.7
CALIFORNIA,,21613.5,,8758.1,8586.5,34168.2,3981.1,15827.8,7158.5,6533.4,6394.5,26967.4,4595,21613.5,8823.4,8758.1,8586.5,35031.9
U.S.,11086.1,44622.6,43604.6,26014.9,25574.2,99313.3,46752.9,44508.7,176149.6,50272.5,49064.7,267411.2,50678.1,61397.1,214828.4,66426.5,64871.1,326903.5
CALIFORNIA,3774.8,21576.9,9142,8876.8,8718.8,34493.7,3936.3,15690.4,7417.1,6594.9,6469.8,27043.7,4555.7,21576.9,9223.7,8876.8,8718.8,35356.3
U.S.,11309,44594.4,44235.4,26045.3,25624.3,100138.8,44428.5,44309.4,179592.7,50417,49161.7,268330.5,48445,61481.8,220137.5,66803.1,65179.3,330064.3
CALIFORNIA,3800,22041.3,8836.9,8781.5,8618.3,34678.2,4015.2,16355.2,7253,6596.8,6468,27623.4,4658.3,22041.3,8925.9,8781.5,8618.3,35625.5
U.S.,11553.5,44967.1,45576.4,26101.4,25664.4,102097,47639,45408,183063.7,50980.4,49655.2,276110.6,51204.5,62032.8,222304.7,66812.7,65092.2,335542.1
CALIFORNIA,,20466.1,,8573.4,8414.7,34044.1,4209.9,15219.3,7852.3,6485.3,6358.5,27281.5,4755.2,20466.1,9564.1,8573.4,8414.7,34785.5
U.S.,10287.8,40937.6,44888.2,24772.4,24329.6,96113.6,46823.4,41506.1,174762.2,49099.3,47761.5,263091.8,49650.9,56228,211126.4,63949,62239.2,317005.3
CALIFORNIA,,20713.7,,8649.8,8489.8,33182.1,3720.4,15109.1,7362.9,6435.2,6309.5,26192.4,4211.6,20713.7,9078.5,8649.8,8489.8,34003.8
U.S.,7967.5,42128.7,44345,25220.3,24755.9,94441.2,43921.2,42060.6,176124,49165.8,47825.1,262105.8,47083.1,57580.3,214297.4,64615.5,62899.2,318960.8
CALIFORNIA,,20839.2,,8557.3,8395.3,30542,,,7121.2,6307,6179.1,23415.2,,20839.2,,8557.3,8395.3,31092.6
U.S.,5143.2,41801.9,42833.5,24964.8,24537.5,89778.6,40772.6,41099.2,167702.3,48026.1,46816.4,249574.1,43733.3,56750,204666.9,63778.4,61978.1,305150.3
CALIFORNIA,,20744.8,,8522.3,8501.1,30301.6,,,7118.4,6254.7,6236.5,23204.3,,20744.8,,8522.3,8501.1,30887.7
U.S.,5029.4,41964,44133.6,24980.5,24740.3,91127,38649.4,41334.7,173160.8,47868.6,46852.7,253144.9,42425,57172.6,211459.1,63394.5,62121.7,311056.7
CALIFORNIA,,20177.1,,8048.6,8033.5,29751.6,1264.9,14599.2,7064.6,5929.5,5915.5,22928.7,1494.4,20177.1,8770.5,8048.6,8033.5,30441.9
U.S.,4100.4,40828.3,42196.1,22836.2,22476.8,87124.8,31855.5,40258,163782.7,43502.3,42382.2,235896.3,33901,55262,198103.3,57143.8,55735.5,287266.4
CALIFORNIA,,20790.1,,8047.3,8025.8,31369.5,,15292.6,,6019.4,6000.4,24510.1,1696.6,20790.1,9432.4,8047.3,8025.8,31919.1
U.S.,5138.6,41736.2,43236.6,22871.2,22474.1,90111.4,33071,41619.7,167047.8,44777.1,43539.9,241738.5,35237.8,56593.8,201970.8,58381.7,56844,293802.3
CALIFORNIA,,20480.5,,8106,8091.2,31816.9,,15318.2,,6143.3,6129.9,25319.5,1533.6,20480.5,10418.6,8106,8091.2,32432.8
U.S.,5267.9,41173.4,45757,22907.2,22515.9,92198.3,37256.8,41560.1,177292.5,45899,44625.6,256109.5,39676.9,55851.5,212998.6,59186.2,57596.3,308527
CALIFORNIA,,20430.8,,8046.2,8031.5,31728,1651.3,15277.5,8481.2,6087.2,6074.9,25410,1877.2,20430.8,10227.4,8046.2,8031.5,32535.4
U.S.,5499.4,40400.2,46361.4,23096.6,22718.1,92260.9,41145.3,41495.6,182268.4,46364.4,45118.1,264909.2,43469.9,55453.9,217386,59352.6,57804.4,316309.9
CALIFORNIA,,20913.1,,8060.5,7956.6,32246.1,1820.2,15807.4,8554.7,6179.6,6077.4,26182.3,2052.2,20913.1,10293.4,8060.5,7956.6,33258.6
U.S.,7401.6,41313.1,47113.5,22738.5,22265.8,95828.2,46131.4,42662.6,183056.1,46570.1,45256.9,271850.1,48757.2,56219.9,215818.7,58565.7,56967.1,320795.8
CALIFORNIA,,20193.1,,8168.1,8045,32068.6,2261.7,15263.6,8868.9,6266,6143.4,26394.2,2579.1,20193.1,10618.8,8168.1,8045,33390.9
U.S.,8772.9,39568.6,48903.2,22782.8,22292.3,97244.7,48674.3,40820.2,190086.6,46960,45635.1,279581.1,51692.9,53727.3,223995,58992.8,57403.3,329415.2
CALIFORNIA,,20558.3,,8236,8121.5,32245.9,2166,15417.1,8736,6251.3,6137.3,26319,2408,20558.3,10589.1,8236,8121.5,33555.4
U.S.,7131.4,39564.8,49090,22372.2,21921.6,95786.3,46595.4,41041.7,191825.6,46519,45302.4,279462.7,49193,54403.2,227610.6,59012,57527.3,331206.8
CALIFORNIA,1508.2,20730.4,10728.3,8300.6,8200.4,32966.9,1931.1,15452.9,8860.9,6265.4,6165.7,26244.9,2194.2,20730.4,10828.5,8300.6,8200.4,33753.2
U.S.,7539.6,39903,49402,22308,21868.6,96844.7,49973.8,41130.6,188555.8,46830.2,45565.5,279660.3,52247.5,54735.7,224816.8,59664.1,58094.7,331800.1
CALIFORNIA,,20835.5,,8267,8148.7,32594.4,1985.5,,8604.9,6210.2,6106.6,26086.6,2200.5,20835.5,10529.9,8267,8148.7,33565.9
U.S.,6253.1,40064.8,48543.5,21819.9,21371,94861.4,39751.4,40868.5,184021.6,44965,43691.4,264641.5,42447.7,54652.3,220036,57327.4,55766.8,317136
CALIFORNIA,,20179,,8028.1,7901.3,31197.7,,,,6136.8,6026.7,25360.5,1985.4,20179,9948.7,8028.1,7901.3,32113.1
U.S.,8731.9,39556.5,48640.3,21543.1,21103.5,96928.7,42632.2,41191,183000.4,46123.4,44852.3,266823.5,44677.9,54238.6,216807.8,57977.1,56431.6,315724.3
CALIFORNIA,,19808,,7818.8,7709.9,32184,,14918.7,,5825.8,5730.3,26454.1,2711.3,19808,10844.9,7818.8,7709.9,33364.3
U.S.,6627.7,38730.9,49951.2,20890.2,20466,95309.8,35756,40094.9,183559.3,45080.9,43827.7,259410.2,37340.8,52984.6,217581.6,57017.9,55497.5,307907
CALIFORNIA,,19776.5,,7948,7851.9,32919.7,,14684.9,,5864.5,5768.7,27082.6,2830.5,19776.5,11774.5,7948,7851.9,34381.5
U.S.,8152.6,39085.9,53228.8,21344.2,20920.5,100467.3,52674,40178.3,190401.7,45459.1,44217,283254.1,54912.7,53550,227208.1,58013.6,56514.1,335670.8
CALIFORNIA,,19418.2,,7794.6,7775,30128.2,,14405.9,,5714.3,,23933.7,1619.3,19418.2,9805.2,7794.6,7775,30842.6
U.S.,8979.9,35869.7,46779.1,21173.7,20850.7,91628.7,43305.4,36355.5,171612.7,43109.7,42001.1,251273.7,46668.7,48447.9,204799.1,54938.7,53592.7,299915.6
CALIFORNIA,,20441.6,,8205.1,8187.9,31328.9,,15335.5,,6072.4,6055.8,25032.1,1428.6,20441.6,10197.4,8205.1,8187.9,32067.5
U.S.,9321.1,37710.5,48649,22463.6,22115.9,95680.6,46242.4,38537.8,179412.7,46005.7,44814,264192.8,49468.9,50996.6,214333.8,58368.8,56918.8,314799.3
CALIFORNIA,,20879.6,,8257.5,8246,32924.4,1838.6,15824.4,9168,6175.8,6164.8,26831,1972.5,20879.6,11107.6,8257.5,8246,33959.7
U.S.,9580,38024.5,50143.4,22668.9,22301.5,97747.9,41124.2,39167.7,185698.5,46560.5,45291.9,265990.4,43706.3,51293.3,219994.1,58330,56800.6,314993.6
CALIFORNIA,,20665.4,,8365.8,8353.9,32513.5,2205.1,15891.3,9000.1,6340,6329.3,27096.5,2388.8,20665.4,10714.2,8365.8,8353.9,33768.4
U.S.,9107.3,37103.3,51015.2,23033.3,22670.6,97225.8,49391.8,38845.2,188801.2,47670.3,46427.4,277038.2,52882.3,50258.4,221720.5,59093.3,57593.9,324861.2
CALIFORNIA,1132.5,20237.8,11759.6,8427.3,8418.7,33129.9,2369.4,15364.2,9978.5,6305.9,6297.7,27712.1,2514,20237.8,11913.1,8427.3,8418.7,34664.9
U.S.,12421,36457.1,53115.5,22877,22551.2,101993.7,49270.8,37627.4,191964.7,47706.4,46546.4,278863,52260.2,49254.4,228239.2,59474.5,58068.7,329753.8
CALIFORNIA,,20711.1,,8740.2,,33873.8,2455.9,15664.8,9701.7,6532.4,6509.2,27822.4,2749.6,20711.1,11677.3,8740.2,8715.9,35137.9
U.S.,15609.2,38074.9,53043.4,24257.4,23887.4,106727.6,55083.7,38828.7,197735.6,49554.5,48308.6,291648,58085.8,50834.1,235187.1,61731.9,60238.8,344106.9
CALIFORNIA,834.6,20242.4,11483,8645.2,,32560,1921.4,15429.5,9644.4,6470.2,6453.6,26995.2,2116.1,20242.4,11572.5,8645.2,8628,33931.1
U.S.,9209.9,36854,51972.3,23709.8,23386.1,98036.2,43661.2,38061.9,196456.8,49237.6,48140.7,278179.8,46681.8,49405.5,233302.7,61109.4,59780.8,329390.1
CALIFORNIA,1280.6,20336,11992.2,8600.8,8586.1,33608.8,2118.2,15682.4,10276.4,6536.4,6522.3,28077,2330,20336,12186.6,8600.8,8586.1,34852.5
U.S.,12485.7,36734,53836.4,23745.6,23378.9,103056.1,47597,38714.2,204300.8,49904.7,48587.7,290611.9,50586,49667.8,240724.5,61220.9,59648.3,340978.3
CALIFORNIA,,19845.2,,8352.9,8337.8,31863.8,1626.8,15569.5,9651,6514.9,6500.5,26847.3,1838.2,19845.2,11264.8,8352.9,8337.8,32948.2
U.S.,10126.6,35426.6,49692.3,22721,22392.3,95245.5,41541.2,37255,188061.8,47523.2,46277.9,266858,44808.8,47187.8,219966.5,57866.5,56376,311963.1
CALIFORNIA,897.2,19474.7,11236.3,8272.3,8263.2,31608.2,1154.3,15124.1,9663.4,6299.5,6290.7,25941.8,1276.3,19474.7,11401.5,8272.3,8263.2,32152.5
U.S.,11648.4,34754.8,50854,21444.4,21148.2,97257.2,39401.2,36079.6,189459.1,46809.5,45697.8,264939.9,43216.5,45850.9,220922.1,57075.2,55750.8,309989.5
CALIFORNIA,,18922.6,,8346.3,8337.9,30887.6,1199.8,14396.6,9560.9,6259.2,6251.6,25157.3,1351.5,18922.6,11436.3,8346.3,8337.9,31710.5
U.S.,9041.1,34228.7,53157,22721.9,22412.9,96426.8,45057.6,34836.8,190758.1,48145.3,47001.6,270652.6,47234.9,45085.9,223963.3,59094.7,57727.4,316284.1
CALIFORNIA,,19477.2,,8685.8,8674.5,30701.2,,14774.6,,6505,6494.1,24835.4,1092.9,19477.2,10946.2,8685.8,8674.5,31516.3
U.S.,10099.6,35719.9,52341.1,23824.2,23505.6,98160.6,48469.8,36079.6,192813.4,48299,47159.7,277362.8,51010.9,46646.4,226481.8,59426.1,58060.4,324139.1
CALIFORNIA,,19235.7,,8253.8,8239.9,29860.4,,14777.7,,6217.5,6204.2,24741.2,1298.1,19235.7,10471,8253.8,8239.9,31004.8
U.S.,6135.2,34344.2,49152.8,22154.3,21820.5,89632.2,33324.1,34476.7,178003.4,46197.6,45021.5,245804.1,35685,44155.5,208300.7,56531.8,55140.4,288141.1
CALIFORNIA,,19660.2,,8724.9,8714.3,31151.7,1201.1,15053.9,9399.5,6558.8,6548.6,25654.5,1313.3,19660.2,11222.9,8724.9,8714.3,32196.4
U.S.,6166.8,34734,52725.9,23355.9,23028.3,93626.6,41866,34833.4,189359.3,48776.5,47553.2,266058.6,43911.3,44839.2,222215.1,59960.4,58501.6,310965.6
CALIFORNIA,,19643.2,,8594.1,8576.8,31405.9,1330.1,15053.4,9484.4,6457.2,6440.6,25867.9,1469.1,19643.2,11311.2,8594.1,8576.8,32423.5
U.S.,7024.5,35449.7,52380.5,23443.8,23109.4,94854.7,36129,35448.5,191777.3,48821.7,47567.2,263354.7,39011,45454.9,224253.1,59859.7,58363.5,308718.9
CALIFORNIA,773.6,19610.8,11442.4,8451.9,8432.3,31826.8,1852.6,15323.2,9918.3,6469.6,6450.4,27094.2,2042.7,19610.8,11636.3,8451.9,8432.3,33289.8
U.S.,5418,34909,52883.9,23723.2,23402.4,93210.9,43959.4,35789.6,195820.4,50390.5,49112.1,275569.3,45950.2,45265.8,227897.5,61020.8,59516.8,319113.5
CALIFORNIA,,19486,,8346.8,8332,32184.9,1762.5,15410.7,10314.2,6467.8,6453.5,27487.3,2024.6,19486,11985.9,8346.8,8332,33496.5
U.S.,3509.2,34204.3,54013.6,23275.4,22972.1,91727.1,43533.2,35025,199990.2,49980.6,48706.5,278548.4,46089.6,43974.5,232856.5,60234,58720.2,322920.6
CALIFORNIA,,19728.1,,8730.8,8716.5,32995,1881.2,15450.5,11049.7,6703.9,6690,28381.4,2034.4,19728.1,12955.5,8730.8,8716.5,34718
U.S.,2644.1,35203.3,54241.4,24106.6,23772.1,92088.9,47756.5,36203.8,205037.9,51279.2,49971.7,288998.2,49758.7,45546.2,237308.7,61980.4,60404.2,332613.6
CALIFORNIA,,19513,,8533.4,8514.8,32390,1180.2,15299.8,10758.2,6531.4,6513.5,27238.2,1305.8,19513,12674.7,8533.4,8514.8,33493.5
U.S.,3275.8,34781,52206.9,23678,23351.4,90263.7,39812.2,35854.9,201932.3,50998,49763.5,277599.5,41994.3,45058.8,232084.8,61445.8,59959.8,319138
CALIFORNIA,,19490.2,,8765.9,8750.8,33091.5,1230.5,15221.5,11345.9,6681.8,6667.2,27797.9,1410.8,19490.2,13324.7,8765.9,8750.8,34225.7
U.S.,3270.5,34119.8,55713.9,23364.6,23037.9,93104.3,48972.1,34814.8,206473.2,51543.5,50315.3,290260.1,50903,44037.8,239784.1,62015.9,60574.2,334724.9
CALIFORNIA,838.6,18806.4,12786,8622.7,8610.7,32431,1611.9,14453.5,10970.9,6449.1,6438.2,27036.3,1864.8,18806.4,12996,8622.7,8610.7,33667.2
U.S.,4443.5,32359,54187.6,23019.5,22709.9,90990,44121.1,32362.3,196903,49131.7,47953.4,273386.4,46980.8,41470.6,228928.7,59783.4,58393.1,317380.1
CALIFORNIA,777,19263.1,12363.4,8507.1,8495.2,32403.5,1485.7,14753.8,10524.5,6329.4,6318.3,26764.1,1827.5,19263.1,12569,8507.1,8495.2,33659.6
U.S.,3650.9,34312.6,53634.6,23298.8,22971.1,91598.1,36156.3,33525.8,195025.6,49434.4,48281.4,264707.7,39079.6,42983.7,227083.6,60233.2,58871.5,309146.9
CALIFORNIA,,19242.4,,8071.6,8053.6,32544.8,1413.7,14745.8,10438.2,5967,5949.5,26597.8,1601.8,19242.4,12497,8071.6,8053.6,33341.2
U.S.,2227.4,35046.3,52926.6,22674.2,22335.3,90200.2,33948.7,34591.5,196037,48212.5,47027.9,264577.2,36347.5,44223,227956.1,58860.2,57470.5,308526.7
CALIFORNIA,614.2,19653.2,12344.5,7858.5,7848.1,32612,1438.7,15022.8,10459.5,5789.1,5778.9,26921.1,1659.6,19653.2,12529.1,7858.5,7848.1,33841.9
U.S.,2006.9,35687.5,53280.8,22414,22190.7,90975.2,40571.9,34908.4,195897.9,47463.6,46627.7,271378.2,43311.1,44689.5,227360,57862.5,56890.4,315360.7
CALIFORNIA,,18862.4,,,,,996.1,14452.5,10166.9,5751.2,5739.6,,1152.6,18862.4,12131.7,7778.7,7766.4,
U.S.,2525.3,33637.5,51314.8,21535.9,21240.1,,35527.4,32821.6,187099.9,44904.1,44054.5,,38293.3,42022,217302.3,54698.1,53713.8,
CALIFORNIA,581.4,19714.8,11195.8,,,,1134.2,15146,9584.7,5728.2,5714.4,,1280.1,19714.8,11508.9,7745,7730.6,
U.S.,2007.4,35247.4,51746.5,22246.8,21947.4,,38108.6,34444.3,193768.1,46784.3,45843.2,,40261.7,44064.6,225941,56954.9,55865.7,
CALIFORNIA,813.8,19985.9,12359.5,,,,1278.2,15574.4,10666.7,5780.9,5762.6,,1462.4,19985.9,12622.3,7732.6,7713.4,
U.S.,2995.6,35528.3,52830.9,22420.4,22040,,40070.2,35156.8,198130.9,47307.1,46328.8,,42084.5,44379,229916.7,57278.7,56146.6,
CALIFORNIA,,19703.4,,,,,1268.9,15397.1,10695.6,5682.9,5671.8,,1504.1,19703.4,12558.5,7550.3,7538.6,
U.S.,5197.3,34572.2,51486.5,22164.9,21882.8,,43628.4,34702.1,196545.6,47669.2,46827.5,,47119,43668.3,227691.2,57354.7,56372.7,
CALIFORNIA,,19329,,,,,1722.4,15137.9,10675.8,5893.3,5881.5,,1940.7,19329,12459,7777,7764.8,
U.S.,5690.8,34493.8,52306.6,23053,22733.1,,53987.7,34837.3,198592.1,49171.7,48204.8,,56296.8,43725,230144.8,58719.6,57604.6,
CALIFORNIA,,18991.2,,,,,1671.6,14780.4,10891.5,6820.1,6808.4,,1952.9,18991.2,12782.4,8963,8950.4,
U.S.,5743.9,33634.4,54453.6,24381.2,24056.9,,50461.9,33806.5,199490.7,50829.7,49918.1,,53761.5,42616.1,231737.5,60865.7,59809,
CALIFORNIA,,18713.1,,,,,1966.3,14542.5,10355.5,5988,5976.1,,2141.2,18713.1,12223.3,7980.1,7967.5,
U.S.,4979.9,33051.7,51837.5,23015.6,22705.8,,46946.8,33158.2,197420.9,48920.8,48092.6,,48934.5,41901.2,230439,58806.7,57838.6,
CALIFORNIA,,19089.8,,,,,1937.8,14728.1,10724.7,6053.2,6044.1,,2172.8,19089.8,12701.9,8143.8,8134.2,
U.S.,4660.2,33683.7,54277.2,23444.6,23120.3,,48934.8,33599,202358.6,49823.6,48876,,50453,42676.7,237116.6,60178.5,59078.9,
CALIFORNIA,876.8,18572.4,11698.6,8273.5,8261.9,,1413.7,14326.5,10075.1,6163.9,6153.2,,1587.1,18572.4,11985.2,8273.5,8261.9,
U.S.,5373.7,33090.7,51779,22940.2,22656.7,,53518.4,32935.2,191159.3,47858.9,47026.6,,55760.9,41873.2,223215.4,57912.9,56944,
CALIFORNIA,476.6,19436.2,11396.5,8264.4,8253.8,,796.4,15108.4,9844.3,6222.1,6212.1,,926.5,19436.2,11609.3,8264.4,8253.8,
U.S.,3866.4,34485.9,53208.8,22937,22682.8,,48055.7,34690.4,196782.3,47920.1,47161.7,,49916.7,43818.5,229681.7,57843.2,56953.2,
CALIFORNIA,,19020.8,,7960.2,7950.2,,1146.6,14925.5,9741.8,6040.6,6031,,1370.1,19020.8,11397.5,7960.2,7950.2,
U.S.,4041.8,33705.5,52560.8,22380.7,22145.5,,47964,34352.1,194681.9,47339.2,46604.6,,50253.2,42933.3,225231.9,56579,55724,
CALIFORNIA,684.4,18908.7,10961.9,8106.5,8099.4,,856.4,14761.5,9519.9,6130.7,6123.9,,1053.4,18908.7,11175.5,8106.5,8099.4,
U.S.,3931.3,33452.6,53142.7,21716.9,21502,,54166.5,33957.1,192110.5,45487.7,44811,,56787.7,42533.5,222280.3,54650,53855.9,
CALIFORNIA,,17763.7,,8083.5,8076.4,,1615.1,13910.7,9188.3,6173.4,6166.7,,1850.7,17763.7,10708.3,8083.5,8076.4,
U.S.,3860.7,31797.4,52776.9,21562.5,21331.4,,43231.5,32494.1,185933.3,45099,44153.6,,45346.6,40456.2,214879.2,53994.1,52896.1,
CALIFORNIA,918.8,18760.6,10254,8405.8,8390.5,,1805.9,14648.5,8907,6388.1,6373.4,,2030,18760.6,10470.8,8405.8,8390.5,
U.S.,4156.4,33108.3,53605.4,22355.6,22099.1,,46254.7,33803.1,189467.3,46935.1,45812,,48205.9,42128.2,219801.2,56157.4,54897.3,
CALIFORNIA,880.5,18926,10708,8350.8,8336.5,,1072.2,14991.1,9407.8,6409.1,6395.2,,1372.6,18926,10921.8,8350.8,8336.5,
U.S.,4871.5,33158.1,53598.5,22179.7,21926.5,,50448.2,34205.6,189997.3,46666.3,45763.4,,52513.4,42161.2,218590.6,55494.8,54447.2,
CALIFORNIA,1001.4,18446.1,11494.6,8169.9,8155.3,,1499.9,14719,10102.9,6332.2,6318,,1891.1,18446.1,11722.2,8169.9,8155.3,
U.S.,4679,32827.2,54374.2,22466,22202.1,,48376.5,34181.5,195476.3,47662.4,46613.7,,50889.1,41932.6,224014.7,56307.4,55118.8,
CALIFORNIA,1185.8,18360.7,11600.5,,,,1723.2,14770.5,10307.3,6275.2,6264.3,,1933.1,18360.7,11848.3,8038.7,8027.5,
U.S.,4998.6,32227.7,53940.4,22288.3,22019.7,,45019.3,33772.7,196610.2,48092,47050.4,,46989.6,41035.3,224116.9,56390.6,55206.6,
CALIFORNIA,960.1,17979.9,11743.5,,,,1805.7,14651.5,10552.1,6134.4,6106.5,,2015.2,17979.9,12023.2,7802.5,7772.6,
U.S.,5153.2,31686.3,54224.3,21879.8,21596,,45877.9,33416.3,197094.4,47963.3,46907.9,,48382.8,40241.5,224205.3,55938.5,54700.7,
CALIFORNIA,,17127.1,,,,,2002.9,13845.7,9976.7,6098.6,6086.9,,2261.1,17127.1,11481.5,7793,7780.9,
U.S.,4473.3,29979.8,53461.1,20949.2,20702.1,,41592.7,31749,193744.2,46912.6,45907.3,,43523.5,38418.5,221025.4,54802.5,53627.5,
CALIFORNIA,,17455,,,,,3164.8,14025.5,10080.7,6322.2,6310.2,,3572.9,17455,11631.8,8138.5,8126.1,
U.S.,6577,30085.5,55243.7,21088.7,20849.7,,47703,31472.8,196770.1,47335.8,46292,,49485.4,38350.2,224411.8,55628.2,54400.8,
CALIFORNIA,900.7,17743,11113.7,7942.1,7931.3,,,14138.2,,6010.2,6000.1,,2874.8,17743,11259.9,7942.1,7931.3,
U.S.,5061.5,30863.7,52309.9,20505.7,20272,,40094.7,31698,184563.7,45027.1,44012,,41689.9,38803.8,211380.8,53405.9,52217.2,
CALIFORNIA,933.8,17633.3,11812,7801.5,7787.7,,2478.4,14042.2,10051.1,5977.3,5963.6,,2666.6,17633.3,11935.2,7801.5,7787.7,
U.S.,4362.4,30711.5,57946.9,20205.2,19904.6,,41059.6,31250.1,196723.3,47004,45721.2,,42583.3,38456,225025.9,55210.7,53734.1,
CALIFORNIA,1112.4,17358.2,11973.3,7505.2,7499.4,,1349.1,13634.4,10355,5640.6,5635.2,,1567.3,17358.2,12152.6,7505.2,7499.4,
U.S.,4199.1,30351.6,56972.2,19595.4,19344.1,,35858.3,30573.7,192061.1,45680.5,44518.8,,37288.8,37965.3,219706.4,54080.6,52723.3,
CALIFORNIA,,18417.2,,7696.3,7685.7,,1681.1,14349.6,10267.8,5713.9,5703.7,,1883.2,18417.2,12129.3,7696.3,7685.7,
U.S.,3280.8,31545.6,56882.8,20038.1,19755,,39192.4,31097.6,193164.1,45237.2,44118.6,,41135.8,38951.6,222191,53931.5,52621.9,
CALIFORNIA,,18177.8,,,7114.2,,981.5,14386.9,9507.5,5382.4,5363,,1166.6,18177.8,11146.6,7135.2,7114.2,
U.S.,2529.4,31550.5,53695.2,18962,18622.4,,35284.7,31921.8,181170.4,43169,41519.2,,37026.4,39376,207927.9,51108.7,49276,
CALIFORNIA,446.4,19272.6,11002.5,,6596.9,,608.3,15320,9568.3,5002.3,4994.9,,718.5,19272.6,11202.7,6604.7,6596.9,
U.S.,2462.5,32841.3,55543.8,18605.6,18293.7,,32975.4,33387.5,190746.6,43193.4,41542.9,,34283,41127.1,218801.6,50968.4,49159.5,
CALIFORNIA,433.1,19757.4,11302.8,,7136.2,,965,15596.2,9719.5,5352.3,5343.2,,1099.4,19757.4,11467.5,7146.2,7136.2,
U.S.,2553,33342,54941.2,19044.5,18733,,29621.9,33544.4,190239.7,43280.1,41618.1,,31286.4,41513,218461.8,51298.4,49479.6,
CALIFORNIA,,19852.2,,,6838.8,,1450.6,15714.7,10086.5,5155,5144.5,,1616.8,19852.2,11805.8,6850.4,6838.8,
U.S.,3373,33385,56175.5,18925.3,18580.1,,33998.5,33687.8,194977.5,43275.1,41531.8,,35603.9,41701.2,224668.2,51215.6,49313.9,
CALIFORNIA,,19904.9,,,6902.4,,1506.7,15770.9,10217.6,5199.8,5189,,1708.7,19904.9,12008.3,6914,6902.4,
U.S.,3165.9,33509.1,56140,19071.8,18732.4,,36391.1,33904.4,197784,43144,41539.5,,38327.7,41853.2,227815.7,50957,49198.2,
CALIFORNIA,,19417.8,,,,,1646.3,15552.2,10810.1,5047,5036.3,,1837.6,19417.8,12589.1,6670.7,6659.6,
U.S.,4118.7,32752.9,59378.1,18550.7,18201.3,,50617.5,33138.3,207245.7,42895.5,41333.1,,52200.8,40676.3,237862.8,50419.6,48704.2,
CALIFORNIA,,19453.4,,,,,2272.5,15450.3,10447,5020.3,4963.2,,2567.7,19453.4,12269.6,6671,6605.9,
U.S.,4524.7,32064.1,57617.1,18169.7,17780.9,,41319.5,32445.3,205249.3,42028,40325.9,,43824.9,40050.1,236763.5,49677.9,47803.5,
CALIFORNIA,1074.2,19200.3,12237.5,,,,1764.8,15330.6,10609.9,5058.7,4999,,2010.3,19200.3,12405.7,6673,6607.5,
U.S.,4577.7,31811.6,57724.1,18334.8,17934.3,,43508.6,32367,201957.3,42328.5,40638.5,,45806.4,39730.3,232570.6,49966.5,48078,
CALIFORNIA,920.9,19099.6,12538.5,,,,1184.8,15247.8,10857.4,5007.8,4964.4,,1456.4,19099.6,12659.7,6617.1,6568.1,
U.S.,5490.6,31271.6,59597.5,17774.4,17389.1,,42526.4,31560.9,200599.3,41166.2,39504.4,,44651.1,38812,230716.8,48669.6,46823.2,
CALIFORNIA,,18949.7,,6472.2,,,988.1,15068.5,10534.4,4866.3,4837.9,,1152.5,18949.7,12300.7,6472.2,6440.6,
U.S.,4247.2,31433.5,58220.2,17668.3,17325.6,,40500.1,31474,198727.8,41056.9,39384.5,,42701.3,38752.3,227452.8,48461,46605.3,
CALIFORNIA,,18413,,6293.6,,,917.4,14580.2,9974.1,4706.1,4682.8,,1248.4,18413,11738.6,6293.6,6267.9,
U.S.,3707,30565.2,56614.4,17128.8,16835.5,,38315.1,30339.4,192683.7,40238.7,38614.1,,40992.4,37385.8,220606.1,47454.3,45658.6,
CALIFORNIA,,18774.2,,6330.2,,,1124.3,14873.2,10152.5,4738.6,4715.5,,1170.5,18774.2,11954.4,6330.2,6304.3,
U.S.,3485.6,30924.2,59030,17182.2,16875.8,,46321.4,30701.8,199850.7,40218.4,38547.7,,49424.6,37860.5,228874.9,47441.4,45599.7,
CALIFORNIA,,17630.2,,5928.1,,,1390,14055.7,9751.8,4507.5,4489.7,,1882.5,17630.2,11428.3,5928.1,5908.5,
U.S.,4209.3,28974.8,56128.2,15711.9,15446.2,,34835.1,28745.3,183463,37492.8,36049.8,,36916.5,35284.5,209745.5,44012.3,42395.5,
CALIFORNIA,,19001.9,,6125.3,,,2276.4,15047.7,10637.5,4626.9,4618.1,,2464.1,19001.9,12601.3,6125.3,6115.9,
U.S.,4308.5,29844.6,58794.3,15299.3,15030.9,,43032.2,29778.6,194567.7,37697.1,36180.2,,45133.1,36732,223114.2,44227.1,42558.8,
CALIFORNIA,,19266.7,,6152.7,,,,15341,11577.8,4648.2,4639.8,,3518.5,19266.7,13618.5,6152.7,6143.8,
U.S.,4534.2,30593.3,61373.1,15731.7,15454.5,,38707,30407.2,201367.4,38819.1,37222.6,,41082.3,37357.2,230638.4,45482.4,43735.4,
CALIFORNIA,,19048,,5874.1,,,1526.2,15151.4,11709.3,4449,4439.8,,1739,19048,13781.1,5874.1,5864.2,
U.S.,4215.8,30004.3,62929.2,15703.4,15416.5,,41271.2,30134,205940.3,39481.1,37775.6,,43216.2,37069.9,236028,46234.2,44376.1,
CALIFORNIA,,20178.3,,5840.2,,,2670.3,16023.4,11239.6,4406.2,4398.5,,2883.9,20178.3,13235,5840.2,5832.1,
U.S.,4831.9,30944.7,63487.6,15583.1,15338.2,,42354,30920.4,204712.7,39171.3,37596.3,,44276,38085.5,235734.7,46016.2,44307.9,
CALIFORNIA,,19836.4,,,,,1752.4,15767.8,11340.6,4412.7,4403.1,,1924.8,19836.4,13380.1,5821.1,5810.6,
U.S.,4455.4,30455.5,64318.9,15729.1,15466,,44934.4,30544.3,207445.4,39835.6,38363.5,,46833.6,37631.4,239706.4,46765.3,45161.3,
CALIFORNIA,,19105.8,,,,,2269.5,15235.7,11797.6,4278.4,4270.5,,2499.9,19105.8,13993.6,5650.9,5642.6,
U.S.,5132.4,28898.1,64920,15337.9,15086.4,,47424.6,29341.4,209404.3,38934,37362.4,,48988.2,36104.3,242874.9,45755.3,44055.8,
CALIFORNIA,,19126.2,,,,,1935.9,15246,11976,4304.1,4294.8,,2059,19126.2,14266.2,5686.2,5676.5,
U.S.,5567.1,28307.8,65921.8,15233.1,14969.6,,50147.9,28740.7,207593,38355.8,36922.2,,52176.6,35354.6,240712,45082.6,43523.7,
CALIFORNIA,988.5,18982.6,,,,,,15031.4,,4225.3,4216.4,,1975.3,18982.6,14898.2,5631.8,5622.5,
U.S.,4621.6,27448,65879.5,14746.3,14476.9,,39967,27770.7,204064.2,37266.2,35923.9,,42241.8,34332.1,236772.8,43876,42405.4,
CALIFORNIA,,18711.6,,,,,1823.4,14921.3,12086.3,4156.1,4147.4,,1879.9,18711.6,14502.8,5501.6,5492.5,
U.S.,3861.7,27214.8,64387.3,14612.8,14351.1,,38857.5,27780,201921.5,37132.5,35808.1,,40348.5,34102.2,233297,43624.1,42145.1,
CALIFORNIA,,18204.6,,,5461.4,,1361.3,14505.7,11456.4,4134.7,4126.7,,1523.1,18204.6,,5469.7,5461.4,
U.S.,5111.4,26510.5,63685.1,14405.1,14105.6,,37412.8,27058.2,200571,36594.8,35230.6,,40549.4,33170.9,231059.5,42857,41365.2,
CALIFORNIA,,17958.2,13696.9,,5378.4,,1918.7,14370.8,11530.2,4093.4,4082.8,,2025.6,17958.2,13696.9,5389.2,5378.4,
U.S.,4993.8,25938.2,65336.4,14283.9,13998,,37710.5,26807.1,204452.3,36366,35016.3,,39896.1,32669.2,234657,42417.1,40948.9,
CALIFORNIA,,17459.6,14376.2,,5244.8,,1091.5,14011.3,12041.1,3985.2,3977.9,,1192.7,17459.6,14376.2,5252.4,5244.8,
U.S.,4189.2,24418.3,63213.8,13606.9,13343.3,,32886.5,25217.8,190069.5,34706,33359.9,,35507.7,30658.5,217316.1,40331,38878,
CALIFORNIA,993.4,18213.3,,,5482.8,,1604.5,14656.4,11628.3,4188.3,4180.9,,1674.1,18213.3,13843.5,5490.5,5482.8,
U.S.,5281.6,24784.3,64770.7,13847.3,13576.3,,36462.1,25724.8,199067.2,35169.6,33821.7,,38293.9,31212.4,227751.3,40924.9,39471.5,
CALIFORNIA,,17906.5,,,5372.7,,1435.6,14609.5,11762,4157.4,4151.1,,1514.2,17906.5,13800.4,5379.5,5372.7,
U.S.,3992.4,24460.4,65557,14060.1,13809.1,,29212.4,25813.2,203141.1,35997.8,34615.8,,30274.2,30941.8,230304.8,41608.1,40120.4,
CALIFORNIA,,17984.7,13693.2,5425.4,5416.1,,610.1,14699.7,11685.8,4194.4,4185.5,,695,17984.7,13693.2,5425.4,5416.1,
U.S.,4167.8,24341.2,64425.7,14139.2,13901.9,,26721.6,25632.1,204782.3,36008.3,34633.8,,28477.5,30694.5,231672.4,41555,40080,
CALIFORNIA,,17828.8,14045.8,5422.3,5414.9,,1372.2,14528.1,11970.3,4162.6,4155.5,,1567.3,17828.8,14045.8,5422.3,5414.9,
U.S.,4313.2,23877.1,65994.5,13964,13719.8,,31401,24897,204784,35684.9,34375.8,,33281.2,29911.2,232604.5,41172.9,39768.3,
CALIFORNIA,,17955.2,,5545.4,5539.4,,2111.5,14529,12128.8,4231,4225.2,,2257.3,17955.2,14334.4,5545.4,5539.4,
U.S.,5129.1,24114.2,67814.6,14482.4,14247.1,,30459.6,24930.5,210698.9,36660.5,35337.2,,32011.6,30147.4,240531.5,42477.2,41039.6,
CALIFORNIA,,18007.6,,5608.7,5601.1,,2017.6,14543.1,11895.6,4261.8,4254.6,,2208.6,18007.6,14133.3,5608.7,5601.1,
U.S.,4923.6,24214,66091.4,14638.3,14397.5,,26648.4,25104.2,208141.6,36520.9,35229.9,,28930,30425.2,238325.6,42448.3,41050.3,
CALIFORNIA,,18083.3,,5642.7,5633.9,,2414.6,14566.1,12271.1,4295.5,4286.8,,2648.2,18083.3,14613,5642.7,5633.9,
U.S.,4555.7,24024.5,67916.5,14660.7,14414.6,,31772.1,24857.9,212589.9,36500.9,35147.6,,33145.1,30191.5,243234.6,42351.8,40887.8,
CALIFORNIA,,17645.9,,5650.1,5642.4,,1888.7,14273.7,12398.5,4306.8,4299.3,,1972.5,17645.9,14676.3,5650.1,5642.4,
U.S.,3929,23512.8,67430.3,14560.7,14327.1,,32101.6,24348.6,206389.1,36130.5,34792.4,,33987.6,29492.8,235617.9,41972.6,40524.6,
CALIFORNIA,,17398.1,,,,,1377.5,14026.5,12190.3,4208.9,4201,,1418.3,17398.1,14525.1,5559.1,5550.6,
U.S.,4566.4,23333.2,67013.9,13727.2,13500.6,,25905,24256.7,204101.2,26926.3,25585.4,,26943.8,29402.5,233132.4,32015,30568.7,
CALIFORNIA,,16921.9,,,,,820.2,13629.1,12359.3,3741.8,3735.1,,889.6,16921.9,14801.9,4950,4943,
U.S.,4160.1,22833.9,67453.8,12959.9,12699.1,,28479.3,23793.8,206701.7,26085.8,24670.4,,31826.6,28869.5,236018.3,30971.6,29433.1,
CALIFORNIA,,17406.6,,,,,1114.5,13934.9,12815.9,3725.4,3717.2,,1169.6,17406.6,15398,4957.1,4948.5,
U.S.,3814.4,23347.6,68879.3,12605.2,12348.2,,34147.2,24105.9,207536.2,25627.5,24157.7,,38102,29382,237274.8,30413.9,28812.4,
CALIFORNIA,,16598.1,14184.3,,,,1262.8,13341.7,11791.5,3592.9,3587.1,,1297,16598.1,14184.3,4756.6,4750.6,
U.S.,3997.4,22331.7,64591.9,11745.1,11495.8,,28526.6,23045.8,196131.7,24013,22699.8,,30626.9,27977.2,223488.5,28389.9,26973.5,
CALIFORNIA,,17486.4,15121.9,,,,1733.8,14147.2,12651.3,3795.7,3788.1,,1812.8,17486.4,15121.9,4983.7,4976,
U.S.,4559.9,23335.8,68409.9,12013.8,11718.3,,24537.1,24195,208201.7,25032.2,23553.9,,27257.2,29255.1,236847.9,29546.8,27922.3,
CALIFORNIA,,17020.4,15247.9,,,,1252.2,13857.1,12877.9,3723.6,3716.3,,1292.4,17020.4,15247.9,4878.9,4871.3,
U.S.,4398.2,22786.9,67983,11921.8,11620,,25034.8,23938.7,209245.3,25044,23535.2,,27637.7,28757,237407.3,29496.5,27852.3,
CALIFORNIA,,17096.4,15337.9,,,,969.5,13824.2,12812.9,3675.5,3667.4,,1048,17096.4,15337.9,4863.5,4855.1,
U.S.,3571.2,22420.2,68210.6,11981.2,11702.1,,22286.8,23404.9,210211.4,25161.4,23651.1,,25503.4,28275.6,238922,29684,28020,
CALIFORNIA,,17283.3,15837.9,,,,1277.8,13993.4,13253.7,3705.1,3698.2,,1328.4,17283.3,15837.9,4912,4904.7,
U.S.,4788.8,22179.9,71811.8,12143.6,11838.3,,24133.3,23366.3,213843.7,25579.8,24059.7,,27769.4,28257.6,245205.8,30292.5,28618.5,
CALIFORNIA,,17181.6,16346.5,,,,1679.5,13811.6,13626,3706.2,3698.6,,1834.7,17181.6,16346.5,4968.1,4960.1,
U.S.,5813.6,22178.6,74159.4,12505.6,12192.3,,28588.3,23251.5,219218.3,26499.3,24830.7,,31596,28258.1,251858.4,31458.8,29620,
CALIFORNIA,,16666.1,15720.4,,,,1467.3,13363,13044.4,3841.5,3834.2,,1550.7,16666.1,15720.4,5140.2,5132.5,
U.S.,3897.8,21700.2,71340.3,12531.2,12259.8,,24063.5,23000.1,213913.9,26079.2,24547,,26059.4,27979.5,246211.5,30970.7,29292.1,
CALIFORNIA,,16907.5,,,,,1293,13676.8,13762.6,4150.6,4143.7,,1320.5,16907.5,16451.7,5451.5,5443.9,
U.S.,4483.8,21943.9,73277.3,13012.4,12718.5,,22142.5,23403,218787.5,27012.5,25417.6,,24165.9,28289.1,250771,31923.9,30178.7,
CALIFORNIA,,16660.6,15483.6,,,,1181.7,13450.5,12921.7,3943.8,3935,,1260.3,16660.6,15483.6,5242.8,5233.7,
U.S.,4500.2,21566.4,70406,12496.2,12204.7,,22013.3,22767.1,207437.9,25831.3,24254.3,,24153,27555.1,236520.8,30562.6,28843.6,
CALIFORNIA,,16303.1,15630.6,,,,1377.1,13245.2,13187,3859.4,3852,,1472.2,16303.1,15630.6,5086.3,5078.7,
U.S.,3869.1,18736,70500.3,11351.7,11056.4,,26415.9,19833.4,209594.1,24272,22600.3,,29176.4,23969.7,238889.8,28505.3,26692.1,
CALIFORNIA,,16011.5,,,,,1113.8,12829.6,12473.7,3811.3,3805.9,,1210.5,16011.5,15043,5131.2,5125.6,
U.S.,3771.5,18499.4,67773.6,11365,11081.7,,30443.1,19408.9,203794,23938.3,22354.8,,33309.6,23699.5,233293.2,28132.8,26403.2,
CALIFORNIA,,16186.1,14820.5,,,,1470.9,12936.3,12279.3,3795,3790.1,,1675.8,16186.1,14820.5,5112.7,5107.5,
U.S.,3764.1,18737.5,68024.8,11298.5,11022.3,,30856.1,19494,201696,23452.1,21888.6,,33396.6,23872.6,230795.7,27763.9,26054.6,
CALIFORNIA,,15944.7,,,,,1023.5,12752.9,12306.1,3700.3,3695.3,,1134.4,15944.7,14865.1,4962.6,4957.3,
U.S.,3568.5,18504.8,67355.2,10983.2,10688.5,,27547.9,19375.8,199078.5,22993.1,21355.5,,29613.6,23675,227346.8,27138.8,25355.1,
CALIFORNIA,,16431.4,14458.3,,,,1093.5,13265.1,11983.1,3873.4,3867.9,,1187,16431.4,14458.3,5142.3,5136.5,
U.S.,3951.4,19037.6,67093.1,11345.4,11061.7,,25512.1,19980.6,203689.1,23771.3,22198,,27507.9,24257.2,231489.6,27952,26258.4,
CALIFORNIA,,16739.9,,,,,1614.8,13410.6,12405.1,3880.9,3874.8,,1818.6,16739.9,15013.1,5199.7,5193.4,
U.S.,3957.9,19354.1,67273.2,11374.8,11101.3,,23432,20119,205747.7,23888.9,22298.2,,25927.5,24584.5,234243.6,28216.4,26504.5,
CALIFORNIA,,16919.4,,,,,1921.2,13517.9,12138.1,3937.7,3931,,2042.6,16919.4,14772.7,5301.5,5294.3,
U.S.,4332.1,19578.7,67676.6,11463.4,11211.2,,26466.9,20375.8,206571.8,23757.8,22212.2,,29225.4,24954.1,236373.7,28179.6,26507.1,
CALIFORNIA,,17544.6,,,4822,,1346.9,14042.6,12434.4,3542.4,3536.6,,1508.8,17544.6,15081,4828.1,4822,
U.S.,3671.5,21561.5,69794.4,10106.7,9853.2,,22605.1,24533.1,211175.8,20526.5,18910.5,,25429.3,29704.3,242166.6,24384,22632.7,
CALIFORNIA,,17795.8,,,4912.1,,2192.4,14259.6,12712.9,3681.9,3674.5,,2298.2,17795.8,15443.2,4919.8,4912.1,
U.S.,5251.8,21862.8,70040.6,10265.8,9996.5,,21574,24909.8,212170.6,20356.1,18964.4,,24145.7,30138.3,243892.5,24143.9,22641.3,
CALIFORNIA,,17114,,4643.1,4632.4,,1392.9,13730,13168.2,3425.5,3415.6,,1589,17114,15981.7,4643.1,4632.4,
U.S.,3898.1,20998.1,69181.2,9978.4,9700.2,,20427.2,24166.2,211586.8,19806.6,18395.9,,23469.2,29222.8,243789.7,23567.1,22038.2,
CALIFORNIA,,17634.3,,,,,1422.4,14068.5,13369.2,,,,1540.2,17634.3,16325.3,,,
U.S.,3613.1,21591.5,71116,10066.7,9773,,18136.4,24759.1,216172.2,20240.9,18728,,21580.6,30011.9,248761.4,24120.5,22474.5,
CALIFORNIA,659.6,17166,15651.3,,,,1245.2,13726.6,12852,,,,1306.1,17166,15651.3,,,
U.S.,2955.8,21047.3,69704.9,9766,9505.2,,20155,23819.5,207918,19549.1,18086.6,,23221.6,28893.5,237430.5,23245.9,21660,
CALIFORNIA,,16971.6,15902,,,,656.6,13469.7,13015.2,,,,701.5,16971.6,15902,,,
U.S.,2923.7,20878.7,70339.3,,,,18762.3,23553.2,213947.4,19950.9,18212.5,,21523.5,28649,241619.2,23696.7,21817.8,
CALIFORNIA,,16703.7,15206.8,,,,,13174.5,,,,,702.2,16703.7,15206.8,,,
U.S.,3017.7,20775.2,69457,,,,22139.2,23392.9,213233.7,19961.8,18212.7,,24545.3,28668.9,239941.8,23720.4,21829.8,
CALIFORNIA,938.3,16544.9,15221.7,,,,989.9,13084.9,12301.4,,,,1019.9,16544.9,15221.7,,,
U.S.,3166.7,20217.5,68455.3,7358.6,7122.9,,20626.8,22775.9,209199.6,15749.9,14121.3,,22282.5,27864.8,235333.7,18630.2,16873.9,
CALIFORNIA,,15760.3,14501.7,,4247.6,,1127.6,12463.7,11735.9,2999.3,2994.2,,1179.3,15760.3,14501.7,4253,4247.6,
U.S.,1815.2,19210,65752.4,6940.1,6696.3,,19712,21674.7,198446,15117.2,13508.4,,21901.4,26458.7,222988.4,17945.5,16212.7,
CALIFORNIA,,16142.5,15084,,4296.3,,963,12771.4,12172.9,3033.7,3027.6,,1011.8,16142.5,15084,4302.6,4296.3,
U.S.,2067,19338.5,69117.8,7023.8,6777.8,,23235.8,21066.8,208531.2,15568,13877.1,,24914.4,25838.4,234249.3,18451.6,16624.6,
CALIFORNIA,,16211.9,15629.5,,4396.5,,,12872,12767.1,3126.9,3120.9,,,16211.9,15629.5,4402.6,4396.5,
U.S.,2051.7,18351.8,71149.5,7079.5,6845.3,,20585.3,18551,213598.8,16428.6,14728.3,,22322,23028.7,239752.3,19417.2,17583.7,
CALIFORNIA,,16137.9,16201.4,,4389.9,,1493.7,12860,13305.5,3143,3135.6,,1576,16137.9,16201.4,4397.4,4389.9,
U.S.,2241.6,18193.7,72950.9,7046.3,6791.3,,18102.8,18426.7,218385.6,17074.2,15358,,20633.4,22836.2,245483,20109.1,18257.1,
CALIFORNIA,,16388.1,16516.3,,4496.9,,1312.8,13024.5,13582.9,3198.6,3192,,1401.4,16388.1,16516.3,4503.6,4496.9,
U.S.,1885.4,18604.1,74565.6,7183,6966.3,,16416.4,18852.1,222232,17235.5,15750.9,,18930.7,23371.7,250594.3,20403.3,18804.8,
CALIFORNIA,,16145.5,16411.3,,4508.7,,1272.4,12831.6,13500.7,3219.1,3212.2,,1359.6,16145.5,16411.3,4515.8,4508.7,
U.S.,1820,18386,73445.7,7195.4,6999.8,,15007.6,18694,221450.5,17539.3,15985.2,,17946.8,23168.2,249577.3,20729,19059.6,
CALIFORNIA,,15675.1,16786.3,,4430.4,,1802.8,12457.9,13787.4,3161.8,3155.4,,1894.4,15675.1,16786.3,4437,4430.4,
U.S.,2557.3,17823.7,72628.9,7114.8,6932.7,,17945.2,18310.4,222982.8,17518.3,16043.8,,19908.5,22713.4,251705.5,20707.7,19115.9,
CALIFORNIA,,16295.5,16900.8,,4532.1,,1688.5,12885.6,13811.8,3198.6,3191.4,,1785.1,16295.5,16900.8,4539.6,4532.1,
U.S.,2687.1,18511.1,74174,7176.2,6997.6,,17790.5,18812.4,222685,17547.9,16050.1,,20130.8,23430.4,251643.9,20856.6,19233,
CALIFORNIA,,16000.9,16506,,4500.7,,,12621.6,13423.3,3150.6,3144.2,,,16000.9,16506,4507.2,4500.7,
U.S.,,18193.3,72661.9,7148.4,6961.7,,16595.9,18312.6,216347.7,17452.7,15923.2,,18287.7,22864.9,244335.6,20752.6,19101.8,
CALIFORNIA,,16232.1,16723.8,,,,,12726.6,,,,,,16232.1,16723.8,,,
U.S.,2631.7,18419.6,74735.2,9536.6,9330.8,,17270.7,18457.9,222455.5,22696,21132.9,,19827.9,23152.3,250921.7,27011,25320.9,
CALIFORNIA,,15836.3,16103.3,,4226.9,,,12358.3,12941.8,2906.1,2901,,,15836.3,16103.3,4232.1,4226.9,
U.S.,2526.9,18101.3,73149.5,9271.5,9078.1,,20325.7,18077.4,217444.4,22047.2,20488.4,,22347.6,22749.5,245286.3,26282.1,24601.4,
CALIFORNIA,,15826.5,16461.8,,4285.9,,,12273.4,13146.7,2928.1,2922.7,,1941.4,15826.5,16461.8,4291.4,4285.9,
U.S.,,18061.9,73456.1,9331.3,9131.7,,24285.3,17980.1,218123,22379,20750.3,,27437.1,22748.9,246376.9,26672.1,24921.4,
CALIFORNIA,,15475.9,15809.6,,4172.7,,,11927.4,12651.3,2830.3,2826,,,15475.9,15809.6,4177.3,4172.7,
U.S.,2353,17468.2,70978.8,8832.9,8795.4,,19375.3,17230.1,210916.2,20111.8,19838.8,,21131,21946.2,238178.3,24222.5,23907.7,
CALIFORNIA,,16122.3,16391.8,,4360,,1732.4,12500.5,13064.8,2992.9,2988.2,,1842,16122.3,16391.8,4364.9,4360,
U.S.,2257.6,18192.4,72962.8,9075.9,9048.5,,21180.6,18064.6,218429.1,20477.8,20194.9,,23001.3,22890.5,246113.3,24638.9,24314.1,
CALIFORNIA,,16289.9,16272.4,,4403.7,,1799.8,12686.5,13097.2,3032,3027.2,,1934.6,16289.9,16272.4,4408.7,4403.7,
U.S.,3064.5,18423.3,72851.5,9125.8,9083.3,,20421.2,18325.6,219111.3,20572.4,20265.6,,22267.7,23148.6,247343.9,24788.2,24438.4,
CALIFORNIA,,16354.6,16835.2,,4412.9,,,12680,13497.9,3033.8,3028.6,,,16354.6,16835.2,4418.7,4412.9,
U.S.,3419,18426.8,74514.4,9173.9,9131.1,,20668.7,18232.9,226139,21050.7,20739.7,,22986.1,23147.5,256087.7,25390.7,25038.4,
CALIFORNIA,,15929.5,17062.8,,,,2359.1,12462.2,13814.7,,,,2511.7,15929.5,17062.8,,,
U.S.,3057.6,18014.5,74907.5,9315.5,9279.8,,19284.1,18025,225517.5,21467.9,21176.2,,21315.9,22743,255962.9,25873.6,25537.6,
CALIFORNIA,,16219.1,17212.5,,4504.6,,1859.1,12603.2,13930.9,3093,3087.2,,2020.6,16219.1,17212.5,4510.6,4504.6,
U.S.,3066.4,18320.2,76941.4,9452.3,9410.2,,17956.6,18340.5,230925.6,21607.7,21290.8,,19536.5,23239.5,262178.2,26042.4,25682.1,
CALIFORNIA,,15738.5,17379.3,,4375,,1847.3,12303.5,14154.6,3023.4,3016,,2012.8,15738.5,17379.3,4382.5,4375,
U.S.,2882.1,17766.1,75636.6,9331.7,9295.1,,16860.9,17990.8,232141.4,21835,21538.3,,18512,22720.2,263882.7,26309.2,25961.9,
CALIFORNIA,,16301.4,17964.1,,4398.5,,,12676,14584,3032.9,3027.7,,2027.6,16301.4,17964.1,4403.8,4398.5,
U.S.,3194.7,18339.1,76320.1,9442.5,9403.6,,18468.1,18300.1,228431.1,21512.8,21209.8,,20695.6,23215.2,260182.8,26005,25652.3,
CALIFORNIA,,16183.2,17407.9,,,,2065.3,12467.2,13966.1,2908.2,,,2299.7,16183.2,17407.9,,,
U.S.,3274.1,18231.1,75500.8,9360.9,9321.7,,22375.2,17959.2,225174.9,21274.2,20962.3,,24422.8,22958.9,256311.7,25747.8,25393.8,
CALIFORNIA,,16133.9,17410.5,,,,1469.2,12388.4,13947,,,,1662.5,16133.9,17410.5,,,
U.S.,2910.9,18226.6,76496.7,9430,9389.3,,16842.5,18026.8,227107.3,21464.1,21163,,18974.6,23071.5,257762.4,25931.3,25584.8,
CALIFORNIA,,15727.9,16907.6,,,,1986.4,12008.5,13450.2,,,,2182,15727.9,16907.6,,,
U.S.,3714.7,17803.3,74672.7,9073.4,9036.4,,20058,17702.4,222803.1,20751.5,20462.6,,22596.4,22730.1,252857.4,25152,24822.1,
CALIFORNIA,,15877.2,,,,,1432.1,12126,13576.2,,,,1636.2,15877.2,17000.9,,,
U.S.,3244.5,17962,74554.3,9071.5,9039.9,,21902.2,17862.6,222861.4,20879.4,20608.3,,24455.5,22944.5,252523.1,25285.8,24971.4,
CALIFORNIA,,15301.4,,,,,1839.2,11699.4,13187.3,,,,2029.9,15301.4,16450.6,,,
U.S.,3222.6,17295.3,72249.7,8725.5,8696.9,,18171.7,17210.5,214415.2,20158.7,19900.1,,20246.9,22113.7,242951.7,24416.3,24114.3,
CALIFORNIA,,16305.9,,,,,1722.8,12298.7,13562.2,,,,1935.9,16305.9,17192.7,,,
U.S.,3308.8,18395.9,75121,9007.1,8977.3,,16694.1,17951.4,222397.1,20673.3,20440.1,,19149.7,23330.5,252559.1,25192.1,24926.6,
CALIFORNIA,,16244.4,,,,,2500.1,12352.9,13306.3,,,,2695.8,16244.4,16841.9,,,
U.S.,3422.9,18390.2,74336.9,8999.7,8975.9,,23099.5,18142.4,224797.9,20698.8,20461,,25412.9,23415.5,254975.6,25220.5,24951.7,
CALIFORNIA,,16452.8,,,,,1520.1,12538.1,14002.9,,,,1710.6,16452.8,17663,,,
U.S.,2916.2,18584.8,76465.1,9201.2,9175.7,,16004.3,18399,228696.4,21263.3,21020.4,,18978.1,23708.7,259805.5,25860,25586.3,
CALIFORNIA,,16404.2,,,,,2537.4,12444.8,13940.1,,,,2763.1,16404.2,17573.2,,,
U.S.,4005,18492.9,76955.7,9316.6,9291.9,,19126.4,18276,228591,21331,21112.8,,21663.3,23650.1,260438.5,25967.6,25715.3,
CALIFORNIA,,16184.7,,,,,,12288,,,,,2545.4,16184.7,18001.8,,,
U.S.,4319.8,18354.8,79301.3,9664.1,9637.8,,20422.8,18208.8,235474.3,21940.6,21699,,23018.6,23557.3,268329.3,26711.1,26432.4,
CALIFORNIA,,16105.9,,,,,2414.1,12202.3,14307.8,,,,2636,16105.9,18139.6,,,
U.S.,3976.6,18204.6,77485.9,9351.8,9331.5,,22663.9,17996.5,232291.5,21587.4,21391.4,,25337.8,23349.9,267255.4,26333.6,26101.4,
CALIFORNIA,,16591.2,,,,,2518.2,12528.8,14614.4,,,,2800.5,16591.2,18615.1,,,
U.S.,3108.1,18684.5,78619.2,9453.6,9427.9,,21813.8,18403.7,233912.2,21748.3,21502,,23676.2,23928.4,267167.6,26532.9,26248,
CALIFORNIA,,16233.4,,,,,2442.1,12273.2,14093.6,,,,2700.9,16233.4,17792.7,,,
U.S.,3346,18318.5,77532.5,9530.8,9504.9,,20611.9,18003.8,229919.4,21626.6,21400.2,,22968.6,23370.6,261500.8,26417.5,26155.1,
CALIFORNIA,,15973.7,17991.7,,,,1629.7,12104.8,14260.9,,,,1849.9,15973.7,17991.7,,,
U.S.,2989,18020.4,77096.3,9326.1,9301.9,,16217.4,17754.8,229651.2,21353.6,21121.7,,18413.2,22970.1,260472.4,25901.1,25636.8,
CALIFORNIA,,15638.6,18049.5,,,,1931.1,11820.7,14324.9,,,,2170.3,15638.6,18049.5,,,
U.S.,3559.4,17719.3,76221.5,9099.6,9075.5,,16461.3,17387.5,228326.3,20279.5,20060.6,,18154.5,22541.9,258885.5,24618.4,24364.5,
CALIFORNIA,,15875.5,17719.7,,,,1170.4,12008.5,13990.6,2818.8,2817.7,,1408.1,15875.5,17719.7,,,
U.S.,2945.4,18004,76216.2,9187.7,9152.9,,16177,17600.8,227177.2,19840,19612.7,,18737.7,22821.9,256895.5,24095.3,23838.6,
CALIFORNIA,,14622.6,16868,,4146.2,,1031.2,11057.9,13363.3,2761.3,2759.9,,1277.6,14622.6,16868,4147.7,4146.2,
U.S.,2869.1,16648.2,71529.3,8782.5,8757.1,,15422.5,16340.4,212315.2,18950.4,18752,,17145.5,21158.5,239584,22921.3,22692.5,
CALIFORNIA,,15244.7,17572.5,4234.1,,,1353.5,11541.5,13921.5,2824.5,2823.1,,1580.6,15244.7,17572.5,4234.1,4232.6,
U.S.,3063.8,17334.2,74120.1,8909.2,8880.4,,16195.7,16999.9,221485.3,19656.6,19443.8,,17495.9,21994.1,250227.9,23759,23512.8,
CALIFORNIA,,15880,18866.8,4380.2,,,1585.3,12014.5,14965.8,2918,2917,,1837.6,15880,18866.8,4380.2,4379.2,
U.S.,2819.3,18038.6,77118.3,9169,9141.9,,12308,17772.1,229749.6,20244.6,20015.2,,14232.5,22996,259942.1,24509.5,24239,
CALIFORNIA,,15710.3,19286.6,,,,2324.2,11848.3,15449.7,2878.5,2877,,2563.8,15710.3,19286.6,4330.7,4329.1,
U.S.,3191.1,17856.2,77017.8,9069.6,9048,,18424.2,17484.2,229099.7,20041.6,19836.2,,20476.7,22697.7,259746.3,24330.4,24085.6,
CALIFORNIA,,15706.1,18735.1,,,,1582.9,11835,14736.3,2979.5,2977.5,,1817.4,15706.1,18735.1,4477.6,4475.5,
U.S.,2438.4,17853.7,77985.7,9339.3,9313.7,,14810.2,17491.6,233856.9,20447.9,20208.8,,16418.3,22755.6,266797.1,24855.6,24574.8,
CALIFORNIA,,15703.1,,,,,1873.1,11847.2,15315.2,3019,3017.6,,2122.4,15703.1,19363.4,4524.6,4523.1,
U.S.,2692.6,17898.4,79466.9,9641.9,9616.9,,12987.1,17558.8,238448.8,21119.9,20875.6,,14784.1,22840.2,272083.8,25664.7,25379,
CALIFORNIA,,15466.1,,,,,,,14903.5,2991.4,2989.6,,1751.7,15466.1,18891.2,4483.9,4482.1,
U.S.,2810.7,17663.8,77251.1,9359.9,9343,,12048.7,17343.2,234645,20341.2,20142.9,,13506.6,22612.5,267914.7,24812.9,24575.3,
CALIFORNIA,,15749,19875.4,,,,,,15761.2,3075.7,3073.9,,1932.5,15749,19875.4,4572.9,4571,
U.S.,2729.3,18019.2,78810.4,9423.1,9399.5,,15510.9,17670.5,240953.7,20760.5,20498.5,,17295.4,23002.7,274583.6,25229.3,24922.2,
CALIFORNIA,,15398.9,18889,,,,1938.4,11660,14996.9,3053.6,3052.2,,2201.5,15398.9,18889,4514.7,4513.1,
U.S.,2589.4,17620.1,76215.1,9338.1,9316.2,,17838.2,17244.8,229506.5,20280.6,20048.5,,19602,22345,260582.5,24577.5,24307.2,
CALIFORNIA,,15324.2,19032.7,,,,,,15028.9,3052.8,3051.1,,1635.7,15324.2,19032.7,4527.9,4526.1,
U.S.,3654.2,17576.8,78464.4,9405.3,9382.5,,16475.1,17114.7,234065.4,20585.1,20348.3,,18335.2,22291.5,265271,24906.8,24633.5,
CALIFORNIA,,15229.5,,,4181.6,,,,14629.7,2830.9,2829.2,,1497.2,15229.5,18458,4183.4,4181.6,
U.S.,3567.8,17498.2,77321.2,9038.3,9012.3,,18382.5,16979.2,231480.8,20165.9,19908.9,,20854.1,21875.2,262044.1,24276.3,23980.9,
CALIFORNIA,,15135.9,18348.4,,4045.5,,1451.1,11454.4,14443.2,2728.5,2727.1,,1722.6,15135.9,18348.4,4047,4045.5,
U.S.,3541.2,17419.8,77297.4,8953.3,8930.2,,17570,16837.8,229977.7,19996.9,19777.8,,20184.9,21862.4,260106.5,24090.2,23838.7,
CALIFORNIA,,14193.4,17400.9,3892.3,3890.9,,1336.2,10747.7,13817.5,2652.7,2651.4,,1606.1,14193.4,17400.9,3892.3,3890.9,
U.S.,3061.8,16383.7,73072.9,8456.4,8428.8,,16446.2,15931.1,215932.3,18729.3,18484.5,,18447.8,20660.1,243995.2,22543.8,22264.8,
CALIFORNIA,,15149.8,18209.4,4069.3,4067.3,,1658.2,11519.3,14404.7,2772.2,2770.2,,1939.4,15149.8,18209.4,4069.3,4067.3,
U.S.,3638.3,17382.6,76255.7,8726.9,8698.7,,18880.8,16845.6,224324.9,19461.3,19203,,20848.1,21776.4,253403.7,23397.7,23100.5,
CALIFORNIA,,15432.1,18160.5,4470.2,4468.7,,1802.4,11824.3,14352.7,3061.1,3059.8,,2056.9,15432.1,18160.5,4470.2,4468.7,
U.S.,3759.6,17790.1,77458.5,9184.4,9156.5,,20368.6,17348.3,231319.8,20000,19741.8,,22080.9,22297.1,261895.9,24142.7,23846.6,
CALIFORNIA,,15878.6,,4398.9,4397.3,,1501.4,12076.6,14389.4,3090.3,3088.8,,1791.7,15878.6,18128.5,4398.9,4397.3,
U.S.,3229.6,18191.2,77563.3,9081.8,9056.6,,20554.9,17500.3,230994.1,19805.1,19557,,22797.8,22604.3,261535.1,23817.7,23535.9,
CALIFORNIA,,15596.3,,4559.2,4558,,2147.3,11901.3,14351.2,3145.4,3144.4,,2438.2,15596.3,18107.5,4559.2,4558,
U.S.,3054.1,17926.7,79630.7,9367,9344.2,,21484.7,17287.8,240194.5,20133.5,19821.6,,23410.5,22296.3,272662.7,24308.2,23950.7,
CALIFORNIA,,15650.6,,,4600.5,,2460.1,11957.2,14514.5,3177.1,3175.4,,2767.9,15650.6,18295.1,4602.3,4600.5,
U.S.,3317.6,17931,79687.6,9650.9,9628.4,,20402.5,17351.7,242090.3,20830.8,20516.4,,23246.9,22362.2,273938.6,25098.9,24737.2,
CALIFORNIA,,15517.8,17797,,4638.9,,2403.9,11841.4,14112.8,3202.7,3201.3,,2714.6,15517.8,17797,4640.4,4638.9,
U.S.,3997.4,17775.2,77226,9539.4,9523.4,,18271.8,17291.2,237186.1,20320.3,20027.2,,20601.4,22311.7,269165.5,24555.5,24216.5,
CALIFORNIA,,15892.8,,4770.2,4768.5,,1949.6,12101.1,14539.1,3280.2,3278.7,,2298.6,15892.8,18418.7,4770.2,4768.5,
U.S.,3628.5,18249.8,79430.4,9745,9719.5,,15540.7,17640.2,241776.5,21040.6,20708.1,,17497.7,22771.4,274240.4,25382.6,25003.1,
CALIFORNIA,,15620.2,,4636.5,4635.5,,1957.4,11885.2,13925.8,3179.1,3178.1,,2288.1,15620.2,17670.4,4636.5,4635.5,
U.S.,3112.8,17836.8,76934.3,9461,9439.3,,20689.8,17110.8,230037.8,20142.9,19844.7,,22609.8,22103.1,260711.2,24365.1,24025.1,
CALIFORNIA,,15377.8,,4574.9,4573.5,,1600.5,11753.5,13932.2,3179.4,3178.2,,1952.9,15377.8,17517.4,4574.9,4573.5,
U.S.,2742.1,17611.8,77547.5,9491.4,9466.3,,15946.3,16999.2,236103.7,20611.2,20291.6,,17872.7,21885.8,266408.6,24712.2,24348.6,
CALIFORNIA,,15065.4,17100.9,,4333.6,,1631.3,11447.1,13488.1,2970.7,2969.7,,1929.5,15065.4,17100.9,4334.7,4333.6,
U.S.,2586.6,17306.4,77093.1,9267.4,9241.2,,15201.7,16663,233202.6,20523.3,20226.7,,16936.5,21538.5,263351.8,24640.4,24300,
CALIFORNIA,,15042,16945.8,,4488.9,,1419,11370.5,13321.4,3061.2,3060.4,,1739.5,15042,16945.8,4489.8,4488.9,
U.S.,3081.2,17292.6,75876.2,9331.5,9309.3,,13483.3,16550.9,227184.9,20044.4,19774.7,,15401.9,21490.5,257007.7,24182.4,23875.2,
CALIFORNIA,,14245.6,,,4228.2,,1697.2,10779.8,13024.9,2900.6,2899.4,,2057,14245.6,16560.9,4229.6,4228.2,
U.S.,3381.2,16383.3,73273.5,8860.2,8834.5,,17793.7,15642.3,218183.7,19231.8,18960.2,,20220.8,20271.6,246684.1,23191.3,22882.4,
CALIFORNIA,,14840.4,,,4456.9,,1459.6,11225.3,13379.1,3044.2,3043.1,,1780.4,14840.4,17066.8,4458,4456.9,
U.S.,3361.8,17217.8,75282.9,9042.6,9018,,15885,16432.9,222834.2,19491.9,19208.6,,18182.8,21259.1,252116.7,23566.5,23247.4,
CALIFORNIA,,14745.8,16294.4,,4632.6,,1105.4,11220.1,12703.3,3170.4,3169.4,,1446.2,14745.8,16294.4,4633.8,4632.6,
U.S.,3206.1,17243.5,75180.1,9342.4,9316.6,,15101.4,16756.4,229794.4,20134.2,19855.5,,16642.8,21562.7,259855.1,24340.2,24023.4,
CALIFORNIA,,15219.1,17751.5,,4457.3,,1278.4,11652.2,14042.5,3106.9,3105.1,,1641.3,15219.1,17751.5,4459.1,4457.3,
U.S.,2860.3,17601,77381.6,9127.8,9106.3,,14759.6,17049.4,235665.9,20049.3,19761.7,,16596.3,21854.8,266453.6,24144.3,23817.2,
CALIFORNIA,,14966.5,17802.3,,4398.2,,1552.7,11490.5,14134.7,3087.1,3085.7,,1855.4,14966.5,17802.3,4399.7,4398.2,
U.S.,3396.5,17315.3,78378.9,9243.4,9162.3,,14253.1,16939.5,239721.3,20561.2,20201.6,,15851.8,21658.8,271657,24689.5,24271.6,
CALIFORNIA,,15251,18538.5,,4545.3,,1304.3,11643,14673.7,3166.8,3165.6,,1637.8,15251,18538.5,4546.5,4545.3,
U.S.,3319.1,17600.8,79262.2,9496.1,9417,,10893.7,17077.8,240683.2,20697,20319.2,,12645,21937.8,273221.6,24949,24508.9,
CALIFORNIA,,14846.3,17762.5,,4460.2,,,,14024.7,3100.4,3099.4,,1081,14846.3,17762.5,4461.3,4460.2,
U.S.,2722.9,17137.2,77776.7,9350.5,9274.5,,10059.6,16729.8,241359,20561.3,20187.7,,11628.2,21518.4,274571.2,24798.3,24360.7,
CALIFORNIA,,15445.2,18609.4,,4899,,938.4,11753.4,14614.8,3383,3381.2,,1224.8,15445.2,18609.4,4900.8,4899,
U.S.,2873.5,17803.4,80763.6,9709.2,9626.5,,11058,17299.7,245868.6,21381.9,20986.9,,12809.1,22294.3,279688.2,25860.6,25401.5,
CALIFORNIA,,15184.7,18140.3,,4239.7,,1147.7,11563.2,14231.6,2856.5,2854.8,,1473,15184.7,18140.3,4241.4,4239.7,
U.S.,2774.1,17450.8,78718.5,8904.1,8828,,11550.6,16763.3,234968.6,19836.8,19480.6,,13113.6,21616.4,267392.1,24052.3,23635.4,
CALIFORNIA,,14818.8,,,4039.4,,,,14496.5,2764.9,2763.4,,1228.5,14818.8,18254.9,4041,4039.4,
U.S.,2024.9,17124.6,78231.6,8705.8,8623.1,,11376.9,16719.2,238956.3,19997,19624.2,,13036.8,21336.9,270878.6,24013.2,23577.7,
CALIFORNIA,,,,,4157.1,,,11058.2,,2912.2,2910.9,,,,17506.4,4158.5,4157.1,
U.S.,1838.7,16899,77365.8,8875.8,8801.4,,11625.3,16387.9,234007.2,19907,19562.8,,13229.6,20971.4,265111.7,23859.9,23459.6,
CALIFORNIA,,,,,4233.2,,,,13381.3,2939.1,2938.2,,,,17117.1,4234.1,4233.2,
U.S.,1900.7,16789.6,74907.4,8868.3,8795.6,,13187.7,16217.2,227851.3,19428.1,19091.9,,15196.1,20815.2,258549.2,23342.7,22954.5,
CALIFORNIA,,,,,4262.1,,,,12982.3,2957.5,2956.5,,,,16670.2,4263.4,4262.1,
U.S.,,,72102.8,8664.3,8582.2,,11808.6,15813.4,219528.8,18988.9,18627.4,,13653.8,20333.9,248780,22800.8,22384.8,
CALIFORNIA,,,,,4266,,,,13365.5,2955.9,2954.4,,,,17208.7,4267.4,4266,
U.S.,,,74357.4,8759.4,8676,,11131.6,16392,225920.5,19389.6,19020.2,,12595.8,21121.3,256252.1,23314.2,22886.4,
CALIFORNIA,,,,,3237.9,,,,10681.5,2218.5,2217.4,,,,13853.9,3239.2,3237.9,
U.S.,,,61087.1,6721.6,6702.6,,9311.3,13010.5,196237.7,15325.9,15150.3,,10897.6,16779.7,223211.8,18507.6,18307.2,
CALIFORNIA,,,,,2195.8,,,,8547.6,1485.7,1484.7,,,,10926.4,2196.8,2195.8,
U.S.,1660.9,9487.9,43963.4,4377.4,4368.4,,5396.8,8896.7,148936.1,10131.6,10026.5,,6849.3,11623.6,169656.1,12367.5,12245.3,
CALIFORNIA,,,,,2853.9,,,,9848,1907,1905.3,,,,12782.7,2855.7,2853.9,
U.S.,1476.5,12336.5,54587.4,5521.6,5508.8,,8425.4,11598.3,179662.2,12684.1,12549.7,,9627.1,15258,206541.2,15628.3,15474.1,
CALIFORNIA,,,,,3435.9,,,,11147.3,2313.4,2312.3,,,,14639.1,3437,3435.9,
U.S.,1680.3,14006.9,64763.5,6855.8,6834.6,,8261.2,13210.6,210973.6,15526.5,15369.1,,10286.5,17407.8,242776.9,19072.7,18892.8,
CALIFORNIA,,,,,3540.1,,,9119,11887.4,2379.2,2378.1,,,12300.8,15655.5,3541.3,3540.1,
U.S.,,,67128,7458.2,7441.1,,5572.9,13573,216485.6,16745.7,16609.1,,6721.6,17938.1,249741.9,20558.5,20401.1,
CALIFORNIA,,,,,3626.1,,,9311.6,,2432,2431.1,,,,16186.1,3627.2,3626.1,
U.S.,,,69212.6,7629.8,7611.2,,6565.7,14014.4,217257,16752.5,16608,,7588.3,18552.4,251016.9,20619.1,20453.1,
CALIFORNIA,,,,,3668.7,,,,11731.7,2455.1,2454.3,,,,15540,3669.4,3668.7,
U.S.,,,68021,7592,7571,,6024.9,13751.4,214265.1,16627,16484,,7563.2,18245.4,247476.8,20467.9,20302.7,
CALIFORNIA,,,,,3686.7,,,9266.2,11891.5,2452.2,2451.4,,,,15801.6,3687.7,3686.7,
U.S.,,,67785,7651.8,7633.5,,5582.5,13660.5,214157.6,16824.2,16702.1,,7454.3,18155.6,246482.2,20680.7,20535.4,
CALIFORNIA,,,,,3456.4,,,8920.3,11205.3,2289.9,2289.4,,,,14963.5,3457,3456.4,
U.S.,2689.4,13840.3,64886.6,7179.7,7162.4,,7133.6,12667.8,202961.2,15464.2,15342.3,,9447.1,17000.6,233600.8,19034.8,18892.7,
CALIFORNIA,,,,,3454.6,,,8439.2,10589.3,2304.8,2304.2,,,,14073.1,3455.4,3454.6,
U.S.,,,64498.5,7069.5,7051.8,,5148,11983.3,203831.2,15180.2,15058.2,,6418.5,16085.4,233663.6,18695.8,18556.7,
CALIFORNIA,,,,,3231.2,,,8229.2,10096.7,2140.4,2140,,,,13444.2,3231.7,3231.2,
U.S.,,,62028.5,6757.9,6744.9,,4809.8,11724.5,195739.2,14726.4,14601.6,,6495.6,15707.7,224318.9,18090.5,17949.9,
CALIFORNIA,,12039,,,3514.2,,,8845.6,10952.2,2337.1,2336.1,,,12039,14553,3515.1,3514.2,
U.S.,,,62082.7,6896.3,6880.9,,6590.1,12397.6,197442.2,15076.2,14949.3,,8134.1,16613.4,226214.8,18488.8,18343.1,
CALIFORNIA,,12642.5,,3733,3732.1,,,9338.8,11924.2,2499.8,2499,,,12642.5,15709,3733,3732.1,
U.S.,,,68213.4,7489.3,7469.4,,5927.8,13301.5,216347.9,16406.2,16276.5,,7001,17680.9,247091.8,20058.9,19910.7,
CALIFORNIA,,,,3875.7,3875.2,,,9809.2,12266.9,2593.6,2593.1,,,,16268.7,3875.7,3875.2,
U.S.,,,70757.3,7777.2,7767.1,,6307.2,13961.5,223567.4,16983.3,16866.5,,7948.7,18581.2,256837.8,20827.2,20689.7,
CALIFORNIA,,,,2690.3,2689.7,,,10567.4,,1763,1762.5,,,,16546.8,2690.3,2689.7,
U.S.,,,74124.3,5051,5042.2,,7408.7,15187.5,233161.1,9695.1,9586.9,,9179.5,20056.5,268422.1,12225.7,12096.9,
CALIFORNIA,,,,,,,,,12979.8,,,,,,17054.2,,,
U.S.,,,77281.2,,,,8206.8,16605.5,244808.8,3502.2,3381.6,,9701.4,21728.4,281002.7,4943.8,4801.2,
CALIFORNIA,,,,,,,,,12901.3,,,,,,16937.6,,,
U.S.,,,76940.5,,,,7687.3,16651.5,245319,3454.1,3336.4,,9222.7,21774.2,281605.8,4836.4,4698.6,
CALIFORNIA,,,,,,,,,12913.6,,,,,,16943.7,,,
U.S.,,,77466.3,,,,5967.6,16135.3,244740,3439.2,3314.7,,6979.4,21165.5,280539.8,4802,4658.6,
CALIFORNIA,,,,,,,,,12861.9,,,,,,16856,,,
U.S.,,,75711.6,,,,7097.8,15955.5,239666.4,3355.4,3239.7,,8816.3,20966.7,274249.2,4708.1,4574.1,
CALIFORNIA,,,,,,,,10851,12090.2,,,,,,15853.3,,,
U.S.,,,74969.8,,,,6788.4,15537.2,234817.4,3287,3171.1,,8057.5,20385.1,267662.1,4584.5,4449.6,
CALIFORNIA,,,,,,,,10708.5,12042.4,,,,,,15720.1,,,
U.S.,,,74706.5,,,,8671.7,15348.1,235610,3316.5,3178.2,,10366.3,20081.4,267716.9,4548.5,4391.5,
CALIFORNIA,,,,,,,,10432.8,12374.1,,,,,,16020.9,,,
U.S.,,,73848.9,,,,8151.3,14970.2,231896.9,3230.8,3100.5,,9598.6,19587.5,263614.9,4435.9,4288.4,
CALIFORNIA,,,,,,,,9523.7,11076,,,,,,14380.8,,,
U.S.,,,66791.4,2857.6,2841.8,,5997.2,13695.9,211112.2,4053.3,3933,,7692.5,17940.9,239529,5305.1,5170,
CALIFORNIA,,,,,,,,9903.1,13590,,,,,,17389.4,,,
U.S.,,,73916,3039.4,3023.1,,5965.9,14471.8,229781.9,4260.1,4138.5,,7516.2,19063.8,260059.1,5585.4,5446.3,
