national retail excl. ca (nominal) (severin),ca total fees and taxes (severin),cax cost (severin),lcfs cost (severin),unexplained differential (nominal) (severin),explained differential (nominal) (severin),quantity gas sold (severin),annual average daily usage (severin),extra payment (severin),unexplained differential (real) (severin),california gas (retail) (nominal) (severin),average state tax excl. ca (severin),ust fee (severin),ca state gas tax (severin),ca state.local tax cost (severin),date
1.280222222,0.468475524,0.0,0.0,-0.105861694,0.193639472,,,,-0.192953633,1.368,0.190836053,0.012,0.18,0.284475524,2000-01-01
1.369111111,0.47388345,0.0,0.0,-0.120759389,0.199648278,,,,-0.218811319,1.448,0.190235172,0.012,0.18,0.28988345,2000-02-01
1.489777778,0.494433566,0.0,0.0,0.039740482,0.22248174,,,,0.071419356,1.752,0.187951826,0.012,0.18,0.310433566,2000-03-01
1.433333333,0.494298368,0.0,0.0,0.094335146,0.22233152,,,,0.169434844,1.75,0.187966848,0.012,0.18,0.310298368,2000-04-01
1.468777778,0.487606061,0.0,0.0,-0.032673401,0.214895623,,,,-0.058616081,1.651,0.188710438,0.012,0.18,0.303606061,2000-05-01
1.634222222,0.485645688,0.0,0.0,-0.224939653,0.212717431,,,,-0.401435081,1.622,0.188928257,0.012,0.18,0.301645688,2000-06-01
1.533333333,0.491594406,0.0,0.0,-0.042660451,0.219327117,,,,-0.075957081,1.71,0.188267288,0.012,0.18,0.307594406,2000-07-01
1.441555556,0.489296037,0.0,0.0,0.01767107,0.216773375,,,,0.031463401,1.676,0.188522663,0.012,0.18,0.305296037,2000-08-01
1.519333333,0.499435897,0.0,0.0,0.078626781,0.228039886,,,,0.139269892,1.826,0.187396011,0.012,0.18,0.315435897,2000-09-01
1.500888889,0.49848951,0.0,0.0,0.084122766,0.226988345,,,,0.148747906,1.812,0.187501166,0.012,0.18,0.31448951,2000-10-01
1.489333333,0.495379953,0.0,0.0,0.053133385,0.223533282,,,,0.09389777,1.766,0.187846672,0.012,0.18,0.311379953,2000-11-01
1.416777778,0.489498834,0.0,0.0,0.045223517,0.216998705,,,,0.079965315,1.679,0.18850013,0.012,0.18,0.305498834,2000-12-01
1.429888889,0.484226107,0.0,0.0,-0.010029008,0.181140119,,,,-0.01762213,1.601,0.219085988,0.012,0.18,0.300226107,2001-01-01
1.429222222,0.486659674,0.0,0.0,0.023933696,0.183844082,,,,0.041886827,1.637,0.218815592,0.012,0.18,0.302659674,2001-02-01
1.377444444,0.490445221,0.0,0.0,0.12750531,0.188050246,,,,0.22264294,1.693,0.218394975,0.012,0.18,0.306445221,2001-03-01
1.525222222,0.497205128,0.0,0.0,0.072216524,0.195561254,,,,0.125601641,1.793,0.217643875,0.012,0.18,0.313205128,2001-04-01
1.674666667,0.507682984,0.0,0.0,0.066130018,0.207203315,,,,0.114497967,1.948,0.216479668,0.012,0.18,0.323682984,2001-05-01
1.581444444,0.506263403,0.0,0.0,0.139929552,0.205626004,,,,0.241866658,1.927,0.2166374,0.012,0.18,0.322263403,2001-06-01
1.382222222,0.49565035,0.0,0.0,0.193944056,0.193833722,,,,0.336174432,1.77,0.217816628,0.012,0.18,0.31165035,2001-07-01
1.405666667,0.481386946,0.0,0.0,-0.024652163,0.177985496,,,,-0.042731017,1.559,0.21940145,0.012,0.18,0.297386946,2001-08-01
1.506333333,0.488417249,0.0,0.0,-0.029130277,0.185796944,,,,-0.050266638,1.663,0.218620306,0.012,0.18,0.304417249,2001-09-01
1.289333333,0.480508159,0.0,0.0,0.079657602,0.177009065,,,,0.137919718,1.546,0.219499093,0.012,0.18,0.296508159,2001-10-01
1.150333333,0.467731935,0.0,0.0,0.043853406,0.162813261,,,,0.076056489,1.357,0.220918674,0.012,0.18,0.283731935,2001-11-01
1.078,0.45427972,0.0,0.0,-0.067866356,0.147866356,,,,-0.118169268,1.158,0.222413364,0.012,0.18,0.27027972,2001-12-01
1.098333333,0.456104895,0.0,0.0,-0.095449883,0.18211655,,,,-0.165822479,1.185,0.189988345,0.012,0.18,0.272104895,2002-01-01
1.096222222,0.462121212,0.0,0.0,-0.011023569,0.188801347,,,,-0.019075548,1.274,0.189319865,0.012,0.18,0.278121212,2002-02-01
1.225444444,0.474762238,0.0,0.0,0.032708625,0.202846931,,,,0.056283531,1.461,0.187915307,0.012,0.18,0.290762238,2002-03-01
1.373333333,0.484834499,0.0,0.0,0.022628335,0.214038332,,,,0.038721259,1.61,0.186796167,0.012,0.18,0.300834499,2002-04-01
1.372444444,0.481995338,0.0,0.0,-0.015328153,0.210883709,,,,-0.026229301,1.568,0.187111629,0.012,0.18,0.297995338,2002-05-01
1.359333333,0.483212121,0.0,0.0,0.014430976,0.21223569,,,,0.024680339,1.586,0.186976431,0.012,0.18,0.299212121,2002-06-01
1.374333333,0.484226107,0.0,0.0,0.013304325,0.213362341,,,,0.022728235,1.601,0.186863766,0.012,0.18,0.300226107,2002-07-01
1.374666667,0.483347319,0.0,0.0,0.000947423,0.21238591,,,,0.001613141,1.588,0.186961409,0.012,0.18,0.299347319,2002-08-01
1.380111111,0.482738928,0.0,0.0,-0.012821031,0.21170992,,,,-0.021793698,1.579,0.187029008,0.012,0.18,0.298738928,2002-09-01
1.435444444,0.479494172,0.0,0.0,-0.112549081,0.208104636,,,,-0.190998832,1.531,0.187389536,0.012,0.18,0.295494172,2002-10-01
1.401333333,0.482671329,0.0,0.0,-0.034968143,0.21163481,,,,-0.059341884,1.578,0.187036519,0.012,0.18,0.298671329,2002-11-01
1.369333333,0.479832168,0.0,0.0,-0.04181352,0.208480186,,,,-0.071115575,1.536,0.187351981,0.012,0.18,0.295832168,2002-12-01
1.440777778,0.485037296,0.0,0.0,-0.04204144,0.214263662,,,,-0.071188398,1.613,0.186773634,0.012,0.18,0.301037296,2003-01-01
1.591666667,0.498016317,0.0,0.0,-0.007573686,0.220907019,,,,-0.012726398,1.805,0.193109298,0.012,0.18,0.314016317,2003-02-01
1.647444444,0.518160839,0.0,0.0,0.212265734,0.243289821,,,,0.354549461,2.103,0.190871018,0.012,0.18,0.334160839,2003-03-01
1.538333333,0.514240093,0.0,0.0,0.26773323,0.238933437,,,,0.448170569,2.045,0.191306656,0.012,0.18,0.330240093,2003-04-01
1.458666667,0.500517483,0.0,0.0,0.159647242,0.223686092,,,,0.267677529,1.842,0.192831391,0.012,0.18,0.316517483,2003-05-01
1.462888889,0.495244755,0.0,0.0,0.083283605,0.217827506,,,,0.139488025,1.764,0.193417249,0.012,0.18,0.311244755,2003-06-01
1.487333333,0.493892774,0.0,0.0,0.040341362,0.216325304,,,,0.067492481,1.744,0.19356747,0.012,0.18,0.309892774,2003-07-01
1.592555556,0.502207459,0.0,0.0,0.048880601,0.225563844,,,,0.081468816,1.867,0.192643616,0.012,0.18,0.318207459,2003-08-01
1.640888889,0.512685315,0.0,0.0,0.143905206,0.237205905,,,,0.239068351,2.022,0.191479409,0.012,0.18,0.328685315,2003-09-01
1.538777778,0.49706993,0.0,0.0,0.032366744,0.219855478,,,,0.053828695,1.791,0.193214452,0.012,0.18,0.31306993,2003-10-01
1.492,0.490377622,0.0,0.0,-0.01241958,0.21241958,,,,-0.020710812,1.692,0.193958042,0.012,0.18,0.306377622,2003-11-01
1.461888889,0.486389277,0.0,0.0,-0.036876975,0.207988086,,,,-0.061562538,1.633,0.194401191,0.012,0.18,0.302389277,2003-12-01
1.560555556,0.489228438,0.0,0.0,-0.096698265,0.211142709,,,,-0.160643908,1.675,0.194085729,0.012,0.18,0.305228438,2004-01-01
1.623555556,0.502275058,0.0,0.0,0.022138824,0.22230562,,,,0.036581494,1.868,0.195969438,0.012,0.18,0.318275058,2004-02-01
1.696,0.517687646,0.0,0.0,0.160569283,0.239430717,,,,0.26362066,2.096,0.194256928,0.012,0.18,0.333687646,2004-03-01
1.760111111,0.520594406,0.0,0.0,0.136228438,0.242660451,,,,0.222944361,2.139,0.193933955,0.012,0.18,0.336594406,2004-04-01
1.953111111,0.5282331,0.0,0.0,0.047741,0.251147889,,,,0.077675945,2.252,0.193085211,0.012,0.18,0.3442331,2004-05-01
1.935,0.529787879,0.0,0.0,0.087124579,0.252875421,,,,0.14130578,2.275,0.192912458,0.012,0.18,0.345787879,2004-06-01
1.880444444,0.523771562,0.0,0.0,0.059364931,0.246190624,,,,0.096435416,2.186,0.193580938,0.012,0.18,0.339771562,2004-07-01
1.855,0.516944056,0.0,0.0,-0.008604507,0.238604507,,,,-0.013970222,2.085,0.194339549,0.012,0.18,0.332944056,2004-08-01
1.847888889,0.515862471,0.0,0.0,-0.016291634,0.237402745,,,,-0.026395279,2.069,0.194459725,0.012,0.18,0.331862471,2004-09-01
1.963333333,0.533505828,0.0,0.0,0.109660192,0.257006475,,,,0.176737878,2.33,0.192499352,0.012,0.18,0.349505828,2004-10-01
1.942888889,0.531748252,0.0,0.0,0.106057498,0.255053613,,,,0.170841971,2.304,0.192694639,0.012,0.18,0.347748252,2004-11-01
1.812555556,0.517755245,0.0,0.0,0.044938617,0.239505828,,,,0.07265533,2.097,0.194249417,0.012,0.18,0.333755245,2004-12-01
1.815777778,0.510034965,0.0,0.0,-0.078594406,0.230816628,,,,-0.126802409,1.968,0.195218337,0.013,0.18,0.326034965,2005-01-01
1.886888889,0.520174825,0.0,0.0,-0.007638695,0.238749806,,,,-0.012253414,2.118,0.197425019,0.013,0.18,0.336174825,2005-02-01
2.054333333,0.532545455,0.0,0.0,-0.005828283,0.252494949,,,,-0.009276739,2.301,0.196050505,0.013,0.18,0.348545455,2005-03-01
2.208777778,0.549445221,0.0,0.0,0.070949754,0.271272468,,,,0.112174624,2.551,0.194172753,0.013,0.18,0.365445221,2005-04-01
2.126111111,0.544307692,0.0,0.0,0.083324786,0.265564103,,,,0.131875619,2.475,0.19474359,0.013,0.18,0.360307692,2005-05-01
2.132888889,0.536804196,0.0,0.0,-0.026115773,0.257226884,,,,-0.041311393,2.364,0.195577312,0.013,0.18,0.352804196,2005-06-01
2.265,0.547011655,0.0,0.0,-0.018568506,0.268568506,,,,-0.029237414,2.515,0.194443149,0.013,0.18,0.363011655,2005-07-01
2.464777778,0.557962704,0.0,0.0,-0.068514116,0.280736338,,,,-0.10733099,2.677,0.193226366,0.013,0.18,0.373962704,2005-08-01
2.893333333,0.579121212,0.0,0.0,-0.207579125,0.304245791,,,,-0.321257932,2.99,0.190875421,0.013,0.18,0.395121212,2005-09-01
2.698555556,0.571888112,0.0,0.0,-0.111764569,0.296209013,,,,-0.172624079,2.883,0.191679099,0.013,0.18,0.387888112,2005-10-01
2.227,0.547822844,0.0,0.0,0.030530174,0.269469826,,,,0.047536685,2.527,0.194353017,0.013,0.18,0.363822844,2005-11-01
2.175111111,0.53072028,0.0,0.0,-0.151578089,0.250466977,,,,-0.23697247,2.274,0.196253302,0.013,0.18,0.34672028,2005-12-01
2.309,0.538818182,0.0,0.0,-0.189353535,0.259353535,,,,-0.293790174,2.379,0.195464646,0.014,0.18,0.354818182,2006-01-01
2.256111111,0.546659674,0.0,0.0,-0.040288526,0.279177415,,,,-0.062383549,2.495,0.183482258,0.014,0.18,0.362659674,2006-02-01
2.407888889,0.552337995,0.0,0.0,-0.11437555,0.285486661,,,,-0.176126326,2.579,0.182851334,0.014,0.18,0.368337995,2006-03-01
2.726666667,0.572685315,0.0,0.0,-0.154761461,0.308094794,,,,-0.236305774,2.88,0.180590521,0.014,0.18,0.388685315,2006-04-01
2.864333333,0.600468531,0.0,0.0,0.087701632,0.338965035,,,,0.133250611,3.291,0.177503497,0.014,0.18,0.416468531,2006-05-01
2.848444444,0.595263403,0.0,0.0,0.032373996,0.333181559,,,,0.049090881,3.214,0.178081844,0.014,0.18,0.411263403,2006-06-01
2.955111111,0.595263403,0.0,0.0,-0.07429267,0.333181559,,,,-0.112322851,3.214,0.178081844,0.014,0.18,0.411263403,2006-07-01
2.928222222,0.592018648,0.0,0.0,-0.091798498,0.329576276,,,,-0.138517585,3.166,0.178442372,0.014,0.18,0.408018648,2006-08-01
2.517555556,0.573496503,0.0,0.0,0.065448329,0.308996115,,,,0.099243731,2.892,0.180500389,0.014,0.18,0.389496503,2006-09-01
2.211333333,0.550242424,0.0,0.0,0.053508418,0.283158249,,,,0.081580715,2.548,0.183084175,0.014,0.18,0.366242424,2006-10-01
2.203111111,0.544428904,0.0,0.0,-0.017809894,0.276698783,,,,-0.027193984,2.462,0.183730122,0.014,0.18,0.360428904,2006-11-01
2.287555556,0.54983683,0.0,0.0,-0.028263144,0.282707589,,,,-0.043090931,2.542,0.183129241,0.014,0.18,0.36583683,2006-12-01
2.203222222,0.551797203,0.0,0.0,0.082891997,0.284885781,,,,0.125995295,2.571,0.182911422,0.014,0.18,0.367797203,2007-01-01
2.234666667,0.558354312,0.0,0.0,0.141161875,0.292171458,,,,0.213423237,2.668,0.182182854,0.014,0.18,0.374354312,2007-02-01
2.507777778,0.584853147,0.0,0.0,0.230607615,0.321614608,,,,0.345510516,3.06,0.179238539,0.014,0.18,0.400853147,2007-03-01
2.795333333,0.600536131,0.0,0.0,0.157626522,0.339040145,,,,0.234641483,3.292,0.177495985,0.014,0.18,0.416536131,2007-04-01
3.113444444,0.610473193,0.0,0.0,-0.024525771,0.350081326,,,,-0.036287111,3.439,0.176391867,0.014,0.18,0.426473193,2007-05-01
3.031,0.599792541,0.0,0.0,-0.088213934,0.338213934,,,,-0.130264501,3.281,0.177578607,0.014,0.18,0.415792541,2007-06-01
2.947111111,0.589314685,0.0,0.0,-0.147682984,0.326571873,,,,-0.218137251,3.126,0.178742813,0.014,0.18,0.405314685,2007-07-01
2.773444444,0.573969697,0.0,0.0,-0.18396633,0.309521886,,,,-0.272229326,2.899,0.180447811,0.014,0.18,0.389969697,2007-08-01
2.795111111,0.57227972,0.0,0.0,-0.228755245,0.307644134,,,,-0.337576646,2.874,0.180635587,0.014,0.18,0.38827972,2007-09-01
2.773888889,0.585191142,0.0,0.0,-0.030879047,0.321990158,,,,-0.045471279,3.065,0.179200984,0.014,0.18,0.401191142,2007-10-01
3.050222222,0.604321678,0.0,0.0,-0.045468531,0.343246309,,,,-0.066559845,3.348,0.177075369,0.014,0.18,0.420321678,2007-11-01
2.985888889,0.601550117,0.0,0.0,-0.019055685,0.340166796,,,,-0.027913699,3.307,0.17738332,0.014,0.18,0.417550117,2007-12-01
3.020222222,0.597561772,0.0,0.0,-0.107957524,0.335735302,1234472901.0,41.08500008,-133270637.8,-0.157359292,3.248,0.17782647,0.014,0.18,0.413561772,2008-01-01
3.010666667,0.593235431,0.0,0.0,-0.157594924,0.330928257,1282275797.0,41.08500008,-202080156.3,-0.229045777,3.184,0.178307174,0.014,0.18,0.409235431,2008-02-01
3.208666667,0.618787879,0.0,0.0,-0.005986532,0.359319865,1309507897.0,41.08500008,-7839410.912,-0.008625952,3.562,0.175468013,0.014,0.18,0.434787879,2008-03-01
3.420111111,0.634808858,0.0,0.0,0.001767936,0.377120953,1257478243.0,41.08500008,2223140.763,0.00253205,3.799,0.173687905,0.014,0.18,0.450808858,2008-04-01
3.743555556,0.6462331,0.0,0.0,-0.165370111,0.389814556,1283632210.0,41.08500008,-212274401.5,-0.234866444,3.968,0.172418544,0.014,0.18,0.4622331,2008-05-01
4.006222222,0.681114219,0.0,0.0,0.049206423,0.428571355,1214526818.0,41.08500008,59762520.6,0.069188079,4.484,0.168542865,0.014,0.18,0.497114219,2008-06-01
4.017555556,0.67962704,0.0,0.0,0.017525512,0.426918933,1257415374.0,41.08500008,22036847.63,0.024513519,4.462,0.168708107,0.014,0.18,0.49562704,2008-07-01
3.745666667,0.653736597,0.0,0.0,-0.064818441,0.398151774,1259535970.0,41.08500008,-81641157.73,-0.09102706,4.079,0.171584823,0.014,0.18,0.469736597,2008-08-01
3.693,0.634403263,0.0,0.0,-0.276670293,0.376670293,1218721221.0,41.08500008,-337183956.9,-0.389076965,3.793,0.173732971,0.014,0.18,0.450403263,2008-09-01
3.013444444,0.60709324,0.0,0.0,0.029229733,0.346325822,1251514350.0,41.08500008,36581430.58,0.041524757,3.389,0.176767418,0.014,0.18,0.42309324,2008-10-01
2.112666667,0.54402331,0.0,0.0,0.067085211,0.276248122,1197991322.0,41.08500008,80367500.71,0.097164524,2.456,0.183775188,0.014,0.18,0.36002331,2008-11-01
1.671888889,0.5012331,0.0,0.0,-0.077592334,0.228703445,1265157860.0,41.08500008,-98166550.72,-0.113557237,1.823,0.188529656,0.014,0.18,0.3172331,2008-12-01
1.763888889,0.530806005,0.0,0.0,-0.020451116,0.261562227,1212487451.0,40.5748629,-24796721.8,-0.029800729,2.005,0.185243777,0.014,0.18,0.346806005,2009-01-01
1.89,0.547191686,0.0,0.0,0.052453682,0.277546318,1121912239.0,40.5748629,58848428.18,0.076055652,2.22,0.185645368,0.014,0.18,0.363191686,2009-02-01
1.933333333,0.544905312,0.0,0.0,-0.018339235,0.275005902,1279318383.0,40.5748629,-23461720.86,-0.02652662,2.19,0.18589941,0.014,0.18,0.360905312,2009-03-01
2.017666667,0.55565127,0.0,0.0,0.026387478,0.286945856,1247536585.0,40.5748629,32919343.63,0.038072883,2.331,0.184705414,0.014,0.18,0.37165127,2009-04-01
2.241666667,0.567387991,0.0,0.0,-0.056653323,0.299986656,1291314554.0,40.5748629,-73157260.61,-0.081506175,2.485,0.183401334,0.014,0.18,0.383387991,2009-05-01
2.598555556,0.600769053,0.0,0.0,-0.012632281,0.337076726,1233792786.0,40.5748629,-15585617.47,-0.018019067,2.923,0.179692327,0.014,0.18,0.416769053,2009-06-01
2.488555556,0.59695843,0.0,0.0,0.051601745,0.3328427,1284485838.0,40.5748629,66281710.58,0.07372318,2.873,0.18011573,0.014,0.18,0.41295843,2009-07-01
2.572222222,0.607399538,0.0,0.0,0.093333847,0.344443931,1267878839.0,40.5748629,118336009.0,0.13304724,3.01,0.178955607,0.014,0.18,0.423399538,2009-08-01
2.490777778,0.616011547,0.0,0.0,0.278209392,0.35401283,1219279786.0,40.5748629,339215087.7,0.396339113,3.123,0.177998717,0.014,0.18,0.432011547,2009-09-01
2.499555556,0.607704388,0.0,0.0,0.169661791,0.344782653,1245985450.0,40.5748629,211396123.2,0.241468856,3.014,0.178921735,0.014,0.18,0.423704388,2009-10-01
2.616888889,0.60343649,0.0,0.0,0.001070567,0.340040544,1170268541.0,40.5748629,1252851.002,0.001522593,2.958,0.179395946,0.014,0.18,0.41943649,2009-11-01
2.572777778,0.600159353,0.0,0.0,0.005822941,0.336399281,1237021075.0,40.5748629,7203100.394,0.008296172,2.915,0.179760072,0.014,0.18,0.416159353,2009-12-01
2.681444444,0.613933025,0.0,0.0,-0.013258917,0.348814473,1172751145.0,40.73930128,-15549410.23,-0.018826161,3.017,0.181118553,0.02,0.18,0.429933025,2010-01-01
2.610555556,0.608445727,0.0,0.0,-0.008273031,0.342717475,1130899111.0,40.73930128,-9355962.879,-0.01174384,2.945,0.181728253,0.02,0.18,0.424445727,2010-02-01
2.740333333,0.616981524,0.0,0.0,-0.035535027,0.352201694,1272640468.0,40.73930128,-45223313.32,-0.050236856,3.057,0.180779831,0.02,0.18,0.432981524,2010-03-01
2.821,0.619572748,0.0,0.0,-0.085080831,0.355080831,1254775791.0,40.73930128,-106757367.5,-0.120072586,3.091,0.180491917,0.02,0.18,0.435572748,2010-04-01
2.807777778,0.619496536,0.0,0.0,-0.072773929,0.354996151,1289885802.0,40.73930128,-93870057.34,-0.102624588,3.09,0.180500385,0.02,0.18,0.435496536,2010-05-01
2.692555556,0.619267898,0.0,0.0,0.039702335,0.354742109,1255432005.0,40.73930128,49843582.19,0.056042287,3.087,0.180525789,0.02,0.18,0.435267898,2010-06-01
2.685111111,0.65533414,0.0,0.0,0.044073177,0.394815712,1273677743.0,40.73930128,56135024.98,0.062198873,3.124,0.176518429,0.02,0.353,0.47133414,2010-07-01
2.684444444,0.655837772,0.0,0.0,0.060180253,0.395375303,1291164966.0,40.73930128,77702634.18,0.084813105,3.14,0.17646247,0.02,0.353,0.471837772,2010-08-01
2.670333333,0.651966102,0.0,0.0,-0.04440678,0.391073446,1237725377.0,40.73930128,-54963398.1,-0.062546882,3.017,0.176892655,0.02,0.353,0.467966102,2010-09-01
2.768,0.654515738,0.0,0.0,-0.063906376,0.393906376,1256958886.0,40.73930128,-80327687.32,-0.08990009,3.098,0.176609362,0.02,0.353,0.470515738,2010-10-01
2.825888889,0.656372881,0.0,0.0,-0.064858757,0.395969868,1200852654.0,40.73930128,-77885810.55,-0.091201486,3.157,0.176403013,0.02,0.353,0.472372881,2010-11-01
2.964444444,0.659300242,0.0,0.0,-0.113666936,0.399222491,1232128839.0,40.73930128,-140052309.5,-0.159559172,3.25,0.176077751,0.02,0.353,0.475300242,2010-12-01
3.067555556,0.662196126,0.0,0.0,-0.121329029,0.395773473,1204096468.0,40.00415615,-146091855.0,-0.169507379,3.342,0.182422653,0.02,0.353,0.478196126,2011-01-01
3.175555556,0.668113801,0.0,0.0,-0.047904224,0.402348668,1131200286.0,40.00415615,-54189271.7,-0.066598017,3.53,0.181765133,0.02,0.353,0.484113801,2011-02-01
3.517111111,0.681523002,0.0,0.0,0.021641108,0.41724778,1237807877.0,40.00415615,26787534.47,0.029795636,3.956,0.180275222,0.02,0.353,0.497523002,2011-03-01
3.76,0.68794431,0.0,0.0,-0.024382567,0.424382567,1204833929.0,40.00415615,-29376943.5,-0.033355307,4.16,0.179561743,0.02,0.353,0.50394431,2011-04-01
3.875444444,0.688605327,0.0,0.0,-0.119561474,0.42511703,1237497276.0,40.00415615,-147956998.8,-0.162794066,4.181,0.179488297,0.02,0.353,0.504605327,2011-05-01
3.653555556,0.680326877,0.0,0.0,-0.151474307,0.415918752,1220789762.0,40.00415615,-184918283.5,-0.206467476,3.918,0.180408125,0.02,0.353,0.496326877,2011-06-01
3.633555556,0.680549637,0.0,0.0,-0.251721819,0.416166263,1245916412.0,40.00415615,-313624345.1,-0.342806383,3.798,0.180383374,0.02,0.357,0.496549637,2011-07-01
3.623666667,0.67988862,0.0,0.0,-0.262098467,0.4154318,1269658460.0,40.00415615,-332775535.4,-0.3559562,3.777,0.18045682,0.02,0.357,0.49588862,2011-08-01
3.576111111,0.684547215,0.0,0.0,-0.071719128,0.420608017,1211495250.0,40.00415615,-86887383.31,-0.097254146,3.925,0.179939198,0.02,0.357,0.500547215,2011-09-01
3.404,0.681997579,0.0,0.0,0.022224913,0.417775087,1233852207.0,40.00415615,27422257.42,0.030200207,3.844,0.180222491,0.02,0.357,0.497997579,2011-10-01
3.337777778,0.680612591,0.0,0.0,0.04598601,0.416236212,1169249871.0,40.00415615,53769136.52,0.062540608,3.8,0.180376379,0.02,0.357,0.496612591,2011-11-01
3.228888889,0.674317191,0.0,0.0,-0.038130213,0.409241324,1233735965.0,40.00415615,-47042614.56,-0.051985008,3.6,0.181075868,0.02,0.357,0.490317191,2011-12-01
3.344555556,0.687433414,0.0,0.01,-0.053814904,0.408259349,1165769473.0,39.63290594,-62735772.85,-0.073047385,3.699,0.195174065,0.02,0.357,0.493433414,2012-01-01
3.534444444,0.69627845,0.0,0.01,0.027468388,0.418087167,1154582904.0,39.63290594,31714531.75,0.037121652,3.98,0.194191283,0.02,0.357,0.50227845,2012-02-01
3.794777778,0.708460048,0.0,0.01,0.140599946,0.431622276,1237090205.0,39.63290594,173934816.3,0.188579053,4.367,0.192837772,0.02,0.357,0.514460048,2012-03-01
3.861666667,0.704619855,0.0,0.01,-0.044022061,0.427355394,1183756696.0,39.63290594,-52111409.25,-0.058866556,4.245,0.193264461,0.02,0.357,0.510619855,2012-04-01
3.668111111,0.706571429,0.0,0.01,0.209365079,0.42952381,1277903245.0,39.63290594,267548314.3,0.28029312,4.307,0.193047619,0.02,0.357,0.512571429,2012-05-01
3.478333333,0.699583535,0.0,0.01,0.184907183,0.421759483,1230283199.0,39.63290594,227488200.9,0.247912994,4.085,0.193824052,0.02,0.357,0.505583535,2012-06-01
3.401777778,0.692794189,0.0,0.01,-0.041993543,0.414215765,1230261987.0,39.63290594,-51663059.87,-0.056394456,3.774,0.194578423,0.02,0.36,0.498794189,2012-07-01
3.684111111,0.701891041,0.0,0.01,-0.04543449,0.424323379,1255713656.0,39.63290594,-57052709.77,-0.060677731,4.063,0.193567662,0.02,0.36,0.507891041,2012-08-01
3.813888889,0.705101695,0.0,0.01,-0.076779661,0.427890772,1194012527.0,39.63290594,-91675877.07,-0.102083667,4.165,0.193210923,0.02,0.36,0.511101695,2012-09-01
3.672,0.712876513,0.0,0.01,0.303470541,0.436529459,1220857664.0,39.63290594,370494335.5,0.403641257,4.412,0.192347054,0.02,0.36,0.518876513,2012-10-01
3.408222222,0.695060533,0.0,0.01,0.021043853,0.416733925,1162560411.0,39.63290594,24464749.89,0.028123339,3.846,0.194326607,0.02,0.36,0.501060533,2012-11-01
3.28,0.686687651,0.0,0.01,-0.107430724,0.407430724,1192002207.0,39.63290594,-128057659.8,-0.143959818,3.58,0.195256928,0.02,0.36,0.492687651,2012-12-01
3.284222222,0.688324455,0.0,0.01,-0.047027172,0.39480495,1169694474.0,39.81265273,-55007423.74,-0.062831758,3.632,0.209519505,0.02,0.36,0.494324455,2013-01-01
3.624666667,0.702363196,0.0,0.01,0.042929782,0.410403551,1097679113.0,39.81265273,47123125.12,0.056891401,4.078,0.207959645,0.02,0.36,0.508363196,2013-02-01
3.662888889,0.704440678,0.0,0.01,0.068399247,0.412711864,1237136829.0,39.81265273,84619227.17,0.09040767,4.144,0.207728814,0.02,0.36,0.510440678,2013-03-01
3.524111111,0.699372881,0.0,0.01,0.05180791,0.407080979,1207530235.0,39.81265273,62559617.26,0.068549103,3.983,0.208291902,0.02,0.36,0.505372881,2013-04-01
3.571666667,0.700065375,0.0,0.01,0.025482916,0.407850417,1259306999.0,39.81265273,32090814.89,0.033657534,4.005,0.208214958,0.02,0.36,0.506065375,2013-05-01
3.584111111,0.700002421,0.0,0.01,0.011108421,0.407780468,1216894566.0,39.81265273,13517776.87,0.014636747,4.003,0.208221953,0.02,0.36,0.506002421,2013-06-01
3.544666667,0.735159806,0.0,0.01,0.016489104,0.446844229,1241703883.0,39.81265273,20474584.61,0.02171792,4.008,0.204315577,0.02,0.395,0.541159806,2013-07-01
3.541,0.730847458,0.0,0.01,-0.112052731,0.442052731,1275028439.0,39.81265273,-142870418.3,-0.147408149,3.871,0.204794727,0.02,0.395,0.536847458,2013-08-01
3.486444444,0.733082324,0.0,0.01,0.011019639,0.444535916,1196126013.0,39.81265273,13180877.45,0.014479769,3.942,0.204546408,0.02,0.395,0.539082324,2013-09-01
3.295444444,0.728014528,0.0,0.01,0.046650525,0.438905031,1242839671.0,39.81265273,57979122.67,0.061456902,3.781,0.205109497,0.02,0.395,0.534014528,2013-10-01
3.204,0.722128329,0.0,0.01,-0.04236481,0.43236481,1172066456.0,39.81265273,-49654373.1,-0.05592517,3.594,0.205763519,0.02,0.395,0.528128329,2013-11-01
3.240666667,0.722128329,0.0,0.01,-0.079031477,0.43236481,1216937753.0,39.81265273,-96176388.03,-0.104337258,3.594,0.205763519,0.02,0.395,0.528128329,2013-12-01
3.279111111,0.716883777,0.0,0.01,-0.081648641,0.42053753,1174580507.0,40.27644114,-95902902.58,-0.107392907,3.618,0.212346247,0.014,0.395,0.522883777,2014-01-01
3.320333333,0.71874092,0.0,0.01,-0.065934356,0.422601022,1107924666.0,40.27644114,-73050298.98,-0.086404305,3.677,0.212139898,0.014,0.395,0.52474092,2014-02-01
3.488333333,0.726861985,0.0,0.01,0.015042238,0.431624428,1246115090.0,40.27644114,18744360.21,0.019586109,3.935,0.211237557,0.014,0.395,0.532861985,2014-03-01
3.605444444,0.733975787,0.0,0.01,0.116026903,0.439528652,1210319338.0,40.27644114,140429604.9,0.150579205,4.161,0.210447135,0.014,0.395,0.539975787,2014-04-01
3.617666667,0.734290557,0.0,0.01,0.113454937,0.439878397,1272686261.0,40.27644114,144392539.3,0.146728852,4.171,0.21041216,0.014,0.395,0.540290557,2014-05-01
3.645111111,0.732496368,0.0,0.01,0.031004036,0.437884853,1217309896.0,40.27644114,37741519.25,0.040022332,4.114,0.210611515,0.014,0.395,0.538496368,2014-06-01
3.561,0.695828087,0.0,0.01,0.102857681,0.397142319,1250901273.0,40.27644114,128664804.0,0.132828229,4.061,0.214685768,0.014,0.36,0.501828087,2014-07-01
3.439777778,0.691138015,0.0,0.01,0.080291095,0.391931127,1285170048.0,40.27644114,103187710.4,0.103859717,3.912,0.215206887,0.014,0.36,0.497138015,2014-08-01
3.365222222,0.686762712,0.0,0.01,0.020708098,0.38706968,1222879913.0,40.27644114,25323516.99,0.026766603,3.773,0.215693032,0.014,0.36,0.492762712,2014-09-01
3.130444444,0.679302663,0.0,0.01,0.026774818,0.378780737,1271773798.0,40.27644114,34051512.49,0.034695409,3.536,0.216521926,0.014,0.36,0.485302663,2014-10-01
2.881666667,0.668254237,0.0,0.01,-0.063171375,0.366504708,1194414902.0,40.27644114,-75452831.4,-0.082303272,3.185,0.217749529,0.014,0.36,0.474254237,2014-11-01
2.507,0.658244552,0.0,0.01,0.004617164,0.355382836,1248556730.0,40.27644114,5764791.66,0.006049808,2.867,0.218861716,0.014,0.36,0.464244552,2014-12-01
2.068111111,0.744171913,0.09,0.01,0.04425343,0.434635459,1216497576.0,41.38508591,53834190.55,0.058258833,2.547,0.225536454,0.02,0.36,0.460171913,2015-01-01
2.161555556,0.749176755,0.09,0.01,0.10424805,0.440196395,1148447060.0,41.38508591,119723366.0,0.13664719,2.706,0.224980361,0.02,0.36,0.465176755,2015-02-01
2.366888889,0.769070218,0.09,0.01,0.508810869,0.462300242,1287581812.0,41.38508591,655135620.6,0.662997679,3.338,0.222769976,0.02,0.36,0.485070218,2015-03-01
2.386666667,0.765041162,0.09,0.01,0.36550982,0.457823514,1254633595.0,41.38508591,458580899.2,0.475305355,3.21,0.223217649,0.02,0.36,0.481041162,2015-04-01
2.603111111,0.782101695,0.09,0.01,0.672109228,0.476779661,1278463759.0,41.38508591,859267289.9,0.869571785,3.752,0.221322034,0.02,0.36,0.498101695,2015-05-01
2.719444444,0.775585956,0.09,0.01,0.356015604,0.469539952,1262121393.0,41.38508591,449334910.0,0.459003499,3.545,0.222046005,0.02,0.36,0.491585956,2015-06-01
2.687222222,0.722196126,0.09,0.01,0.65755986,0.410217918,1279082202.0,41.38508591,841073113.8,0.847721386,3.755,0.227978208,0.02,0.3,0.438196126,2015-07-01
2.535555556,0.715428571,0.09,0.01,0.601746032,0.402698413,1315596270.0,41.38508591,791654834.9,0.776866863,3.54,0.228730159,0.02,0.3,0.431428571,2015-08-01
2.280888889,0.702271186,0.09,0.01,0.453032015,0.388079096,1264298745.0,41.38508591,572767808.1,0.585785846,3.122,0.23019209,0.02,0.3,0.418271186,2015-09-01
2.223,0.695062954,0.09,0.01,0.289930051,0.380069949,1303962044.0,41.38508591,378057782.1,0.375058102,2.893,0.230993005,0.02,0.3,0.411062954,2015-10-01
2.090444444,0.691065375,0.09,0.01,0.299927361,0.375628195,1224602888.0,41.38508591,367291912.2,0.388811436,2.766,0.231437181,0.02,0.3,0.407065375,2015-11-01
1.961777778,0.689743341,0.09,0.01,0.388062954,0.374159268,1270061496.0,41.38508591,492863815.9,0.504791109,2.724,0.231584073,0.02,0.3,0.405743341,2015-12-01
1.858,0.714128329,0.1,0.023,0.517968523,0.392031477,1221372599.0,42.31919248,632632561.1,0.672659902,2.768,0.238096852,0.02,0.3,0.407128329,2016-01-01
1.690777778,0.707268765,0.1,0.027,0.348256928,0.383965295,1224425194.0,42.31919248,426414556.2,0.451891971,2.423,0.239303471,0.02,0.3,0.396268765,2016-02-01
1.896111111,0.711627119,0.1,0.025,0.339858757,0.389030132,1300298942.0,42.31919248,441917982.2,0.439103874,2.625,0.238596987,0.02,0.3,0.402627119,2016-03-01
2.040222222,0.717128329,0.1,0.026,0.332746301,0.395031477,1274448751.0,42.31919248,424068107.4,0.427885811,2.768,0.238096852,0.02,0.3,0.407128329,2016-04-01
2.208888889,0.718135593,0.1,0.026,0.194960452,0.396150659,1323331105.0,42.31919248,257997230.3,0.249693739,2.8,0.237984934,0.02,0.3,0.408135593,2016-05-01
2.309444444,0.718496368,0.1,0.024,0.168781813,0.396773742,1295550673.0,42.31919248,218665391.8,0.215458054,2.875,0.237722626,0.02,0.3,0.410496368,2016-06-01
2.170333333,0.691929782,0.1,0.02,0.318966909,0.367699758,1331548556.0,42.31919248,424719926.8,0.407836444,2.857,0.240230024,0.02,0.278,0.387929782,2016-07-01
2.120888889,0.682736077,0.1,0.016,0.213182136,0.357928975,1363294300.0,42.31919248,290629991.0,0.272328143,2.692,0.240807103,0.02,0.278,0.382736077,2016-08-01
2.160333333,0.689467312,0.1,0.021,0.221814097,0.364852569,1288772790.0,42.31919248,285867973.2,0.282675436,2.747,0.240614743,0.02,0.278,0.384467312,2016-09-01
2.187,0.689355932,0.1,0.019,0.255048964,0.364951036,1318576424.0,42.31919248,336301551.2,0.324624558,2.807,0.240404896,0.02,0.278,0.386355932,2016-10-01
2.120888889,0.689995157,0.1,0.022,0.245783158,0.365327953,1251416220.0,42.31919248,307577031.1,0.313318459,2.732,0.240667205,0.02,0.278,0.383995157,2016-11-01
2.206555556,0.685389831,0.1,0.019,0.113900188,0.360544256,1294921318.0,42.31919248,147491782.0,0.14514971,2.681,0.240845574,0.02,0.278,0.382389831,2016-12-01
2.3,0.714820823,0.11,0.035,0.108532419,0.381467581,1228865654.0,42.7006276,133371761.6,0.137507887,2.79,0.249353242,0.02,0.278,0.385820823,2017-01-01
2.239111111,0.718905569,0.11,0.036,0.262993812,0.385895077,1161081695.0,42.7006276,305357301.3,0.332161629,2.888,0.249010492,0.02,0.278,0.388905569,2017-02-01
2.249888889,0.72246247,0.11,0.036,0.361263923,0.389847189,1343199458.0,42.7006276,485249504.9,0.455906384,3.001,0.248615281,0.02,0.278,0.39246247,2017-03-01
2.351222222,0.720714286,0.11,0.034,0.269650794,0.388126984,1286102023.0,42.7006276,346798431.2,0.339286652,3.009,0.248587302,0.02,0.278,0.392714286,2017-04-01
2.318555556,0.718784504,0.11,0.031,0.338128329,0.386316115,1355006663.0,42.7006276,458166139.1,0.425084812,3.043,0.248468388,0.02,0.278,0.393784504,2017-05-01
2.271888889,0.717154964,0.11,0.03,0.366494485,0.384616626,1317369673.0,42.7006276,482808719.6,0.460328324,3.023,0.248538337,0.02,0.278,0.393154964,2017-06-01
2.227777778,0.743857143,0.12,0.03,0.309047619,0.413174603,1335680621.0,42.7006276,412788915.7,0.388441292,2.95,0.24668254,0.02,0.297,0.409857143,2017-07-01
2.308888889,0.749060533,0.12,0.033,0.311932741,0.39917837,1377920826.0,42.7006276,429818620.8,0.390897073,3.02,0.265882163,0.02,0.297,0.412060533,2017-08-01
2.587777778,0.754467312,0.12,0.034,0.167147431,0.405074791,1298535079.0,42.7006276,217046802.2,0.208356801,3.16,0.265392521,0.02,0.297,0.416467312,2017-09-01
2.441111111,0.752949153,0.12,0.035,0.235612053,0.403276836,1339509988.0,42.7006276,315604697.9,0.293886784,3.08,0.265672316,0.02,0.297,0.413949153,2017-10-01
2.489444444,0.879464367,0.11963628,0.037,0.201888068,0.543667488,1245965360.0,42.7006276,251545538.8,0.251815606,3.235,0.251796879,0.02,0.417,0.538828087,2017-11-01
2.404444444,0.876657902,0.1181349,0.039,0.185061764,0.540493792,1299395745.0,42.7006276,240468468.7,0.230963874,3.13,0.252164111,0.02,0.417,0.535523002,2017-12-01
2.482222222,0.901489382,0.11544822,0.064,0.167283822,0.560493956,1237429754.0,42.52491074,207001978.7,0.207645152,3.21,0.256995426,0.02,0.417,0.538041162,2018-01-01
2.501222222,0.919179455,0.11544822,0.077,0.27907263,0.578705148,1184216689.0,42.52491074,330482466.1,0.344842003,3.359,0.256474307,0.02,0.417,0.542731235,2018-02-01
2.499222222,0.912005121,0.11544822,0.068,0.346044113,0.571733665,1306951656.0,42.52491074,452262925.9,0.426632064,3.417,0.256271455,0.02,0.417,0.544556901,2018-03-01
2.668,0.920759457,0.1157643,0.072,0.309018858,0.580981142,1345629191.0,42.52491074,415824796.5,0.37947579,3.558,0.255778316,0.02,0.417,0.548995157,2018-04-01
2.821,0.928742508,0.1157643,0.078,0.210815469,0.589184531,1335455368.0,42.52491074,281534649.2,0.257809618,3.621,0.255557977,0.02,0.417,0.550978208,2018-05-01
2.812111111,0.936112968,0.1157643,0.086,0.192403846,0.596485043,1294694748.0,42.52491074,249104249.4,0.234919317,3.601,0.255627926,0.02,0.417,0.550348668,2018-06-01
2.773333333,0.964038901,0.1189251,0.113,0.132504009,0.624162657,1317182454.0,42.52491074,174531956.4,0.161772502,3.53,0.255876244,0.02,0.417,0.548113801,2018-07-01
2.764333333,0.969496529,0.1189251,0.12,0.090662202,0.626004465,1360722426.0,42.52491074,123366090.9,0.1106269,3.481,0.259492063,0.02,0.417,0.546571429,2018-08-01
2.760555556,0.971566746,0.1189251,0.121,0.126250848,0.628193596,1276672486.0,42.52491074,161180984.4,0.153873707,3.515,0.25937315,0.02,0.417,0.547641646,2018-09-01
2.768222222,0.976949313,0.1189251,0.121,0.283603552,0.634174226,1351752385.0,42.52491074,383361778.0,0.34504454,3.686,0.258775087,0.02,0.417,0.553024213,2018-10-01
2.545777778,0.979132817,0.12113766,0.125,0.376312165,0.635910057,1236042647.0,42.52491074,465137884.7,0.459376523,3.558,0.25922276,0.02,0.417,0.548995157,2018-11-01
2.263111111,0.979920736,0.12429846,0.131,0.393121233,0.635767656,1273868662.0,42.52491074,500784819.5,0.481433581,3.292,0.26015308,0.02,0.417,0.540622276,2018-12-01
2.147111111,0.983770644,0.12342924,0.14,0.370413644,0.638475245,1231039407.0,42.25699642,455993792.7,0.452761633,3.156,0.2612954,0.02,0.417,0.536341404,2019-01-01
2.214666667,0.984702818,0.12429846,0.14,0.30391892,0.639414414,1146563762.0,42.25699642,348462419.8,0.369920554,3.158,0.261288405,0.02,0.417,0.536404358,2019-02-01
2.432444444,0.988165288,0.12429846,0.14,0.192293953,0.643261602,1291224740.0,42.25699642,248294709.8,0.232741178,3.268,0.260903686,0.02,0.417,0.539866828,2019-03-01
2.684444444,0.995540591,0.12429846,0.13,0.482988061,0.652567494,1276843472.0,42.25699642,616700153.2,0.581501009,3.82,0.258973097,0.02,0.417,0.557242131,2019-04-01
2.738111111,1.014129609,0.1378899,0.131,0.537288201,0.671600688,1294569692.0,42.25699642,695557020.4,0.64550239,3.947,0.258528921,0.02,0.417,0.561239709,2019-05-01
2.604777778,1.0068899,0.1378899,0.131,0.448665656,0.663556567,1282276623.0,42.25699642,575313481.7,0.538923222,3.717,0.259333333,0.02,0.417,0.554,2019-06-01
2.645,1.064049706,0.1378899,0.136,0.223488093,0.726511907,1514230979.0,42.25699642,338412593.9,0.267999131,3.595,0.253537799,0.02,0.473,0.606159806,2019-07-01
2.525333333,1.060201226,0.13559832,0.138,0.234398452,0.722268215,1346921123.0,42.25699642,315716225.6,0.281096695,3.482,0.25393301,0.02,0.473,0.602602906,2019-08-01
2.479,1.064198804,0.13559832,0.138,0.403290031,0.726709969,1273221583.0,42.25699642,513477571.4,0.483257245,3.609,0.253488835,0.02,0.473,0.606600484,2019-09-01
2.47,1.07976539,0.13559832,0.14,0.837104935,0.732895065,1303322996.0,42.25699642,1091018112.0,1.000804025,4.04,0.262870326,0.02,0.473,0.62016707,2019-10-01
2.456777778,1.075118504,0.134334,0.142,0.684572107,0.727650115,1229130465.0,42.25699642,841428432.3,0.818881935,3.869,0.263468388,0.02,0.473,0.614784504,2019-11-01
2.446555556,1.066479278,0.134334,0.144,0.366615691,0.717828754,1238695971.0,42.25699642,454125378.9,0.438943302,3.531,0.264650525,0.02,0.473,0.604145278,2019-12-01
2.452111111,1.097702039,0.134334,0.179,0.211368179,0.74752071,1222308687.0,34.15586206,258357161.6,0.252089805,3.411,0.266181329,0.02,0.473,0.600368039,2020-01-01
2.339555556,1.10309736,0.14120874,0.179,0.271692793,0.752751651,1195822723.0,34.15586206,324896416.1,0.323150765,3.364,0.266345709,0.02,0.473,0.59888862,2020-02-01
2.128444444,1.0864315,0.14120874,0.168,0.320099304,0.735456251,1018254473.0,34.15586206,325942548.2,0.381555791,3.184,0.266975249,0.02,0.473,0.59322276,2020-03-01
1.740666667,1.068581621,0.14120874,0.164,0.287265836,0.716067497,713648347.0,34.15586206,205006789.2,0.344723709,2.744,0.268514124,0.02,0.473,0.579372881,2020-04-01
1.779444444,1.076724478,0.14120874,0.174,0.182662662,0.722892894,923929609.0,34.15586206,168767441.6,0.219193912,2.685,0.269831585,0.02,0.473,0.577515738,2020-05-01
1.992333333,1.075742406,0.13180536,0.176,0.174042367,0.7226243,1028732844.0,34.15586206,179043098.8,0.207713003,2.889,0.269118106,0.02,0.473,0.583937046,2020-06-01
2.089888889,1.10389737,0.13180536,0.168,0.176314629,0.754796482,1089147922.0,34.15586206,192032712.1,0.209365839,3.021,0.265100888,0.02,0.505,0.62009201,2020-07-01
2.082888889,1.101565651,0.13180536,0.164,0.238460984,0.752650127,1117990028.0,34.15586206,266597002.0,0.282271829,3.074,0.264915523,0.02,0.505,0.621760291,2020-08-01
2.082111111,1.10810076,0.13180536,0.17,0.249644196,0.759244693,997826694.0,34.15586206,249101642.9,0.295098661,3.091,0.264856067,0.02,0.505,0.6222954,2020-09-01
2.058666667,1.102873157,0.13180536,0.166,0.239452644,0.75388069,1123028967.0,34.15586206,268912255.2,0.282934061,3.052,0.264992467,0.02,0.505,0.621067797,2020-10-01
2.005666667,1.108124686,0.13378086,0.17,0.264281556,0.759051777,1038517621.0,34.15586206,274461052.7,0.312462372,3.029,0.265072908,0.02,0.505,0.620343826,2020-11-01
2.099222222,1.109006042,0.13378086,0.17,0.197746716,0.760031062,1028344721.0,34.15586206,203351791.5,0.233577746,3.057,0.26497498,0.02,0.505,0.621225182,2020-12-01
2.240444444,1.140751804,0.13378086,0.198,0.146695869,0.788859687,994642014.0,37.85634527,145909874.1,0.1725427,3.176,0.267892117,0.02,0.505,0.624970944,2021-01-01
2.407,1.147009111,0.1406556,0.192,0.144284943,0.795715057,975104220.0,37.85634527,140692857.2,0.168783003,3.347,0.267294054,0.02,0.505,0.630353511,2021-02-01
2.712,1.155868675,0.1406556,0.19,0.174218761,0.805781239,1138095720.0,37.85634527,198277626.3,0.202365854,3.692,0.266087436,0.02,0.505,0.641213075,2021-03-01
2.750888889,1.146960685,0.1406556,0.177,0.273783195,0.797327916,1154736838.0,37.85634527,316147540.6,0.315423657,3.822,0.265632768,0.02,0.505,0.645305085,2021-04-01
2.874222222,1.171899004,0.1485576,0.189,0.284951951,0.822825827,1207155882.0,37.85634527,343981423.4,0.325680089,3.982,0.265073177,0.02,0.505,0.650341404,2021-05-01
2.949555556,1.168424428,0.1485576,0.182,0.329923702,0.814520742,1195817148.0,37.85634527,394528420.5,0.373608575,4.094,0.269903686,0.02,0.505,0.653866828,2021-06-01
3.021666667,1.174659295,0.1485576,0.18,0.321662739,0.821670594,1231371893.0,37.85634527,396086455.8,0.362509923,4.165,0.268988701,0.02,0.511,0.662101695,2021-07-01
3.038666667,1.209327254,0.1841166,0.177,0.336760451,0.856572882,1234142342.0,37.85634527,415610332.2,0.37874241,4.232,0.268754372,0.02,0.511,0.664210654,2021-08-01
3.058666667,1.190012484,0.1841166,0.158,0.326110196,0.837223138,1184231740.0,37.85634527,386190044.6,0.365771026,4.222,0.268789346,0.02,0.511,0.663895884,2021-09-01
3.177777778,1.20578246,0.1841166,0.171,0.278921334,0.853300888,1202071427.0,37.85634527,335283365.8,0.310265432,4.31,0.268481571,0.02,0.511,0.66666586,2021-10-01
3.271111111,1.228271779,0.22331052,0.148,0.362399192,0.876489697,1142181538.0,37.85634527,413925666.6,0.401153172,4.51,0.267782082,0.02,0.511,0.672961259,2021-11-01
3.173555556,1.228208825,0.22331052,0.148,0.458024697,0.876419748,1162635319.0,37.85634527,532515689.2,0.505451598,4.508,0.267789077,0.02,0.511,0.672898305,2021-12-01
3.183888889,1.248799624,0.22331052,0.169,0.414146031,0.89696508,1070623977.0,37.35119003,443394670.7,0.453215828,4.495,0.267834544,0.02,0.511,0.672489104,2022-01-01
3.400222222,1.248130225,0.2303433,0.159,0.271226783,0.896550994,1069476614.0,37.35119003,290070701.9,0.294127281,4.568,0.267579231,0.02,0.511,0.674786925,2022-02-01
4.073111111,1.261418361,0.2303433,0.141,0.575573299,0.913315589,1179294561.0,37.35119003,678770461.4,0.615946952,5.562,0.264102771,0.02,0.511,0.706075061,2022-03-01
3.943555556,1.255551532,0.2303433,0.134,0.746869775,0.907574669,1128788025.0,37.35119003,843057658.3,0.79482192,5.598,0.263976863,0.02,0.511,0.707208232,2022-04-01
4.296222222,1.264524884,0.2437767,0.124,0.560614207,0.917163571,1184683727.0,37.35119003,664150527.7,0.590102956,5.774,0.263361313,0.02,0.511,0.712748184,2022-05-01
4.787666667,1.254965562,0.2437767,0.101,0.508569009,0.904764324,1130177672.0,37.35119003,574773338.5,0.528066577,6.201,0.266201238,0.02,0.511,0.726188862,2022-06-01
4.420333333,1.275563625,0.2437767,0.106,0.459571161,0.927095505,1138767683.0,37.35119003,523344786.4,0.477246617,5.807,0.264468119,0.02,0.539,0.741786925,2022-07-01
3.834555556,1.22026199,0.213354,0.099,0.541859344,0.8625851,1194355124.0,37.35119003,647172484.1,0.562899157,5.239,0.27367689,0.02,0.539,0.72390799,2022-08-01
3.525333333,1.205300731,0.213354,0.083,0.89892741,0.847739257,1140900135.0,37.35119003,1025586403.0,0.93182763,5.272,0.273561474,0.02,0.539,0.724946731,2022-09-01
3.593888889,1.214077971,0.213354,0.075,1.352730477,0.858380634,1172800353.0,37.35119003,1586482781.0,1.396574428,5.805,0.271697337,0.02,0.539,0.741723971,2022-10-01
3.531,1.186393455,0.2117736,0.072,0.711871006,0.828128994,1101859339.0,37.35119003,784381716.0,0.735686838,5.071,0.274264461,0.02,0.539,0.718619855,2022-11-01
3.087,1.176659799,0.2117736,0.086,0.414241735,0.815758265,1118271196.0,37.35119003,463234600.4,0.429418656,4.317,0.276901533,0.02,0.539,0.694886199,2022-12-01
3.236111111,1.172022995,0.2117736,0.083,0.217949295,0.810939594,1083879951.0,37.70157118,236230871.0,0.224142386,4.265,0.277083401,0.02,0.539,0.693249395,2023-01-01
3.267,1.187307988,0.2200707,0.083,0.392554535,0.827445465,1034805346.0,37.70157118,406217531.8,0.401468044,4.487,0.275862524,0.02,0.539,0.700237288,2023-02-01
3.282,1.199446003,0.2200707,0.089,0.559734519,0.840265481,1139577873.0,37.70157118,637861072.9,0.570555134,4.682,0.275180522,0.02,0.539,0.706375303,2023-03-01
3.483111111,1.215446003,0.2200707,0.105,0.342623408,0.856265481,1133411519.0,37.70157118,388333317.5,0.347488938,4.682,0.275180522,0.02,0.539,0.706375303,2023-04-01
3.435222222,1.23750059,0.23966766,0.109,0.319629085,0.878148693,1190443333.0,37.70157118,380500312.9,0.323353731,4.633,0.275351897,0.02,0.539,0.70483293,2023-05-01
3.448444444,1.232791147,0.23966766,0.103,0.35197291,0.873582645,1135625787.0,37.70157118,399709513.3,0.354928427,4.674,0.275208501,0.02,0.539,0.706123487,2023-06-01
3.472555556,1.266144658,0.23966766,0.095,0.332913454,0.911530991,1162682159.0,37.70157118,387072533.2,0.333977245,4.717,0.270613667,0.02,0.579,0.747476998,2023-07-01
3.708555556,1.283776619,0.23966766,0.103,0.391211275,0.92323317,1219436954.0,37.70157118,477057484.9,0.392033131,5.023,0.276543449,0.02,0.579,0.757108959,2023-08-01
3.660888889,1.323503911,0.2781504,0.092,0.786790143,0.964320968,1164859393.0,37.70157118,916499889.0,0.786488504,5.412,0.275182943,0.02,0.579,0.769353511,2023-09-01
3.410111111,1.32035379,0.2781504,0.088,1.067623611,0.961265278,1197429526.0,37.70157118,1278404034.0,1.067623611,5.439,0.275088512,0.02,0.579,0.77020339,2023-10-01
,,,,,,,37.70157118,,,,,,,,2023-11-01
,,,,,,,37.70157118,,,,,,,,2023-12-01
